Czas [ms]	 Przyspieszenie obudowy [m/s^2]	 Przyspieszenie eliminatora  [m/s^2]	Prêdkoœæ obrotowa [obr/sek]
15	7,810000	7,880000	0,000000
22	9,350000	9,440000	0,000000
29	9,670000	9,770000	0,000000
35	9,710000	9,790000	0,000000
41	9,710000	9,820000	0,000000
49	9,720000	9,800000	0,000000
56	9,760000	9,800000	0,000000
62	9,740000	9,830000	0,000000
69	9,750000	9,840000	0,000000
75	9,740000	9,820000	0,000000
81	9,750000	9,870000	0,000000
89	9,750000	9,820000	0,000000
95	9,760000	9,810000	0,000000
102	9,720000	9,830000	0,000000
109	9,720000	9,830000	0,000000
115	9,770000	9,860000	0,000000
122	9,740000	9,840000	0,000000
129	9,740000	9,860000	0,000000
136	9,740000	9,810000	0,000000
142	9,760000	9,840000	0,000000
149	9,760000	9,820000	0,000000
155	9,750000	9,840000	0,000000
162	9,740000	9,780000	0,000000
168	9,730000	9,800000	0,000000
176	9,730000	9,850000	0,000000
182	9,690000	9,850000	0,000000
189	9,750000	9,830000	0,000000
196	9,750000	9,820000	0,000000
202	9,740000	9,850000	0,000000
209	9,730000	9,850000	0,000000
216	9,740000	9,810000	0,000000
223	9,730000	9,800000	0,000000
229	9,730000	9,830000	0,000000
236	9,760000	9,850000	0,000000
242	9,750000	9,840000	0,000000
249	9,750000	9,840000	0,000000
256	9,750000	9,850000	0,000000
263	9,750000	9,810000	0,000000
269	9,750000	9,830000	0,000000
276	9,740000	9,820000	0,000000
283	9,740000	9,810000	0,000000
289	9,730000	9,820000	0,000000
296	9,720000	9,860000	0,000000
303	9,740000	9,850000	0,000000
310	9,710000	9,830000	0,000000
316	9,710000	9,840000	0,000000
323	9,720000	9,840000	0,000000
329	9,720000	9,810000	0,000000
336	9,720000	9,800000	0,000000
343	9,730000	9,810000	0,000000
350	9,760000	9,860000	0,000000
356	9,750000	9,800000	0,000000
363	9,740000	9,830000	0,000000
370	9,700000	9,820000	0,000000
376	9,740000	9,840000	0,000000
384	9,740000	9,790000	0,000000
390	9,770000	9,840000	0,000000
397	9,710000	9,810000	0,000000
403	9,730000	9,810000	0,000000
410	9,730000	9,810000	0,000000
416	9,770000	9,810000	0,000000
423	9,720000	9,830000	0,000000
430	9,710000	9,820000	0,000000
437	9,740000	9,830000	0,000000
443	9,740000	9,800000	0,000000
450	9,730000	9,790000	0,000000
457	9,710000	9,840000	0,000000
463	9,730000	9,830000	0,000000
471	9,730000	9,840000	0,000000
477	9,750000	9,850000	0,000000
484	9,760000	9,830000	0,000000
490	9,730000	9,840000	0,000000
497	9,720000	9,830000	0,000000
503	9,740000	9,850000	0,000000
510	9,720000	9,800000	0,000000
517	9,730000	9,820000	0,000000
524	9,730000	9,850000	0,000000
530	9,730000	9,830000	0,000000
537	9,710000	9,790000	0,000000
544	9,760000	9,830000	0,000000
550	9,760000	9,820000	0,000000
558	9,730000	9,840000	0,000000
564	9,730000	9,860000	0,000000
571	9,750000	9,810000	0,000000
577	9,750000	9,810000	0,000000
584	9,740000	9,790000	0,000000
590	9,740000	9,830000	0,000000
598	9,730000	9,840000	0,000000
604	9,730000	9,830000	0,000000
611	9,710000	9,810000	0,000000
617	9,730000	9,800000	0,000000
624	9,740000	9,800000	0,000000
631	9,750000	9,790000	0,000000
637	9,740000	9,820000	0,000000
645	9,730000	9,810000	0,000000
651	9,720000	9,810000	0,000000
658	9,740000	9,810000	0,000000
664	9,750000	9,830000	0,000000
671	9,730000	9,790000	0,000000
677	9,730000	9,810000	0,000000
685	9,730000	9,810000	0,000000
691	9,770000	9,860000	0,000000
698	9,750000	9,820000	0,000000
704	9,760000	9,820000	0,000000
711	9,730000	9,810000	0,000000
718	9,730000	9,800000	0,000000
724	9,730000	9,820000	0,000000
732	9,730000	9,850000	0,000000
738	9,740000	9,810000	0,000000
745	9,720000	9,820000	0,000000
751	9,720000	9,820000	0,000000
758	9,730000	9,830000	0,000000
764	9,740000	9,810000	0,000000
772	9,740000	9,840000	0,000000
778	9,740000	9,830000	0,000000
785	9,770000	9,810000	0,000000
791	9,740000	9,820000	0,000000
798	9,740000	9,800000	0,000000
805	9,760000	9,820000	0,000000
812	9,730000	9,810000	0,000000
819	9,730000	9,830000	0,000000
825	9,710000	9,820000	0,000000
832	9,750000	9,850000	0,000000
838	9,750000	9,830000	0,000000
845	9,720000	9,850000	0,000000
851	9,720000	9,800000	0,000000
859	9,720000	9,820000	0,000000
865	9,730000	9,800000	0,000000
872	9,730000	9,820000	0,000000
878	9,760000	9,840000	0,000000
885	9,760000	9,820000	0,000000
892	9,770000	9,840000	0,000000
899	9,750000	9,830000	0,000000
906	9,750000	9,820000	0,000000
912	9,740000	9,780000	0,000000
919	9,730000	9,790000	0,000000
925	9,760000	9,810000	0,000000
932	9,760000	9,830000	0,000000
939	9,740000	9,840000	0,000000
946	9,770000	9,830000	0,000000
952	9,760000	9,860000	0,000000
959	9,750000	9,810000	0,000000
965	9,730000	9,810000	0,000000
972	9,710000	9,830000	0,000000
979	9,740000	9,780000	0,000000
986	9,740000	9,840000	0,000000
993	9,730000	9,830000	0,000000
999	9,770000	9,810000	0,000000
1006	9,740000	9,830000	0,000000
1012	9,760000	9,810000	0,000000
1019	9,760000	9,820000	0,000000
1026	9,720000	9,840000	0,000000
1033	9,700000	9,790000	0,000000
1040	9,730000	9,840000	0,000000
1046	9,730000	9,790000	0,000000
1053	9,740000	9,850000	0,000000
1059	9,770000	9,860000	0,000000
1067	9,760000	9,880000	0,000000
1073	9,720000	9,800000	0,000000
1080	9,660000	9,750000	0,000000
1087	9,660000	9,730000	0,000000
1093	9,730000	9,810000	0,000000
1100	9,810000	9,890000	0,000000
1106	9,920000	10,000000	0,000000
1114	9,890000	9,950000	0,000000
1120	9,750000	9,790000	0,000000
1127	9,720000	9,840000	0,000000
1134	9,640000	9,640000	0,000000
1140	9,660000	9,780000	0,000000
1147	9,780000	9,890000	0,000000
1154	9,840000	9,830000	0,000000
1161	9,930000	9,980000	0,000000
1167	9,890000	9,960000	0,000000
1174	9,880000	9,890000	0,000000
1181	9,680000	9,730000	0,000000
1187	9,370000	9,600000	0,000000
1195	9,400000	9,460000	0,000000
1201	9,280000	9,530000	0,000000
1208	9,290000	9,570000	0,000000
1214	9,620000	9,780000	0,000000
1221	9,960000	9,790000	0,000000
1228	10,220000	10,480000	0,000000
1234	10,390000	10,470000	0,000000
1242	10,500000	10,330000	0,000000
1248	10,130000	9,900000	0,000000
1255	9,490000	9,860000	0,000000
1262	9,220000	8,820000	0,000000
1268	9,090000	8,960000	0,000000
1275	9,350000	9,210000	0,000000
1282	9,440000	10,300000	0,000000
1289	10,550000	10,780000	0,000000
1295	10,500000	10,560000	0,000000
1302	10,240000	10,580000	0,000000
1309	10,260000	10,390000	0,000000
1315	9,030000	10,100000	0,000000
1323	8,500000	8,480000	0,000000
1329	8,740000	8,910000	0,000000
1336	9,130000	8,470000	0,000000
1343	9,720000	10,130000	0,000000
1349	10,530000	10,560000	0,000000
1356	11,450000	11,030000	0,000000
1362	11,010000	10,500000	0,000000
1370	9,980000	10,450000	0,000000
1377	9,190000	9,080000	0,000000
1383	8,090000	8,640000	0,000000
1390	8,510000	8,830000	0,000000
1396	9,660000	10,190000	0,000000
1403	10,070000	11,390000	0,000000
1410	10,840000	9,950000	0,000000
1417	10,520000	9,460000	0,000000
1424	9,880000	10,840000	0,000000
1430	8,980000	9,700000	0,000000
1437	9,250000	9,180000	0,000000
1443	9,100000	9,010000	0,000000
1451	9,540000	9,410000	0,000000
1458	10,910000	11,190000	0,000000
1464	10,980000	11,170000	0,000000
1471	11,240000	11,220000	0,000000
1477	10,200000	11,080000	0,000000
1484	8,980000	9,030000	0,000000
1491	8,860000	6,240000	0,000000
1498	8,280000	8,620000	0,000000
1505	9,110000	8,450000	0,000000
1511	10,220000	9,980000	0,000000
1518	10,590000	11,140000	0,000000
1525	11,210000	10,020000	0,000000
1531	10,670000	11,280000	0,000000
1539	9,140000	9,140000	0,000000
1545	8,860000	8,310000	0,000000
1552	9,480000	8,940000	0,000000
1559	9,250000	8,890000	0,000000
1565	10,880000	10,200000	0,000000
1572	11,470000	10,420000	0,000000
1579	10,400000	9,620000	0,000000
1586	9,830000	10,500000	0,000000
1593	9,800000	8,850000	0,000000
1599	8,420000	8,790000	0,000000
1606	9,280000	9,020000	0,000000
1612	9,850000	9,950000	0,000000
1619	9,390000	10,260000	0,000000
1627	11,310000	11,320000	0,000000
1633	10,050000	11,810000	0,000000
1640	11,490000	9,880000	0,000000
1646	8,970000	9,350000	0,000000
1653	8,030000	10,350000	0,000000
1660	7,350000	8,190000	0,000000
1667	7,820000	8,290000	0,000000
1674	8,680000	8,590000	0,000000
1681	10,070000	10,000000	0,000000
1687	10,880000	9,960000	0,000000
1694	12,730000	11,670000	0,000000
1700	12,860000	12,110000	0,000000
1708	11,200000	11,600000	0,000000
1715	10,670000	10,230000	0,000000
1721	8,650000	9,520000	0,000000
1728	8,750000	6,490000	0,000000
1734	7,140000	7,730000	0,000000
1741	7,710000	8,770000	0,000000
1748	9,680000	10,080000	0,000000
1755	10,570000	10,850000	0,000000
1762	11,010000	11,550000	0,000000
1769	11,480000	10,630000	0,000000
1775	10,560000	11,290000	0,000000
1782	10,970000	10,310000	0,000000
1788	9,250000	10,230000	0,000000
1796	7,980000	9,020000	0,000000
1803	8,730000	8,700000	0,000000
1809	7,400000	6,870000	0,000000
1816	7,180000	6,890000	0,000000
1822	9,320000	10,870000	0,000000
1829	10,520000	11,710000	0,000000
1837	11,920000	12,740000	0,000000
1843	12,090000	12,310000	0,000000
1850	11,620000	12,720000	0,000000
1857	9,620000	8,670000	0,000000
1863	6,950000	6,210000	0,000000
1870	4,920000	7,450000	0,000000
1876	5,090000	6,900000	0,000000
1884	7,570000	9,480000	0,000000
1891	9,280000	9,630000	0,000000
1897	12,840000	15,480000	0,000000
1904	15,670000	13,690000	0,000000
1910	13,300000	12,830000	0,000000
1917	10,530000	9,650000	0,000000
1925	6,440000	7,270000	0,000000
1931	5,880000	3,660000	0,000000
1938	4,590000	4,550000	0,000000
1944	6,900000	5,460000	0,000000
1951	11,310000	12,640000	0,000000
1958	12,290000	14,330000	0,000000
1965	15,540000	16,550000	0,000000
1972	16,300000	14,690000	0,000000
1979	11,380000	10,560000	0,000000
1985	8,000000	6,050000	0,000000
1992	4,050000	3,080000	0,000000
1998	1,630000	2,960000	0,000000
2006	4,870000	6,750000	0,000000
2013	9,640000	11,240000	0,000000
2019	15,330000	16,730000	0,000000
2026	21,980000	19,030000	0,000000
2032	17,180000	16,280000	0,000000
2039	12,560000	11,540000	10,000000
2046	5,240000	2,760000	10,000000
2053	-0,860000	0,730000	10,000000
2060	0,530000	0,730000	10,000000
2066	3,540000	5,510000	10,000000
2073	12,160000	13,900000	10,000000
2080	20,140000	21,550000	10,000000
2086	23,470000	21,860000	10,000000
2094	19,070000	17,280000	10,000000
2101	10,440000	6,890000	10,000000
2107	-1,010000	-1,010000	10,000000
2114	-4,680000	-2,990000	10,000000
2120	-1,840000	-1,320000	10,000000
2127	5,620000	9,130000	10,000000
2135	16,820000	17,360000	10,000000
2141	23,170000	22,770000	10,000000
2148	24,240000	23,970000	10,000000
2155	17,240000	13,340000	10,000000
2161	6,440000	4,020000	10,000000
2168	-3,550000	-4,270000	10,000000
2174	-6,340000	-4,600000	10,000000
2182	-0,110000	1,830000	10,000000
2189	9,870000	11,160000	10,000000
2195	21,180000	22,810000	10,000000
2202	26,420000	27,500000	10,000000
2208	24,190000	21,310000	10,000000
2215	13,350000	9,180000	10,000000
2223	3,280000	-1,120000	10,000000
2229	-6,030000	-5,980000	10,000000
2236	-5,550000	-4,770000	10,000000
2243	0,380000	2,950000	10,000000
2249	15,130000	17,960000	10,000000
2256	25,660000	26,470000	10,000000
2263	27,410000	25,690000	10,000000
2270	22,380000	19,150000	10,000000
2277	8,690000	7,110000	10,000000
2283	-1,940000	-4,310000	10,000000
2290	-7,370000	-5,540000	10,000000
2296	-3,060000	-1,530000	10,000000
2304	5,630000	6,300000	10,000000
2311	18,750000	21,220000	10,000000
2317	25,480000	27,440000	10,000000
2324	25,140000	25,060000	10,000000
2331	19,410000	15,020000	10,000000
2337	4,960000	3,970000	10,000000
2344	-4,590000	-4,940000	10,000000
2351	-7,660000	-3,870000	10,000000
2358	-1,300000	-0,100000	10,000000
2365	6,930000	8,610000	10,000000
2371	19,700000	23,330000	10,000000
2378	26,330000	26,220000	10,000000
2385	21,970000	22,660000	10,000000
2392	15,780000	12,480000	10,000000
2399	3,110000	2,640000	10,000000
2405	-2,100000	-2,870000	10,000000
2412	-4,050000	-2,310000	10,000000
2419	2,660000	4,690000	10,000000
2425	11,060000	11,910000	10,000000
2433	20,100000	21,180000	10,000000
2440	21,940000	21,550000	10,000000
2446	18,990000	16,890000	10,000000
2453	11,890000	8,180000	10,000000
2459	4,230000	2,350000	10,000000
2466	-1,330000	0,190000	10,000000
2473	-0,160000	3,500000	10,000000
2480	9,720000	9,360000	10,000000
2487	13,920000	13,730000	10,000000
2493	17,430000	18,860000	10,000000
2500	18,690000	17,220000	10,000000
2507	12,690000	10,850000	10,000000
2513	5,470000	3,810000	10,000000
2521	0,720000	3,050000	10,000000
2528	2,950000	4,700000	10,000000
2534	3,990000	7,180000	10,000000
2541	11,730000	12,760000	10,000000
2547	16,350000	16,830000	10,000000
2554	16,170000	16,840000	10,000000
2562	13,790000	12,530000	10,000000
2568	7,870000	6,960000	10,000000
2575	4,760000	1,770000	10,000000
2581	2,810000	1,680000	10,000000
2588	5,560000	5,710000	10,000000
2595	10,020000	9,790000	10,000000
2601	15,940000	15,340000	10,000000
2609	18,410000	17,080000	10,000000
2616	15,220000	15,930000	10,000000
2622	11,800000	10,500000	10,000000
2629	5,810000	4,820000	10,000000
2635	2,250000	2,270000	10,000000
2642	1,500000	4,290000	10,000000
2650	6,590000	7,530000	10,000000
2656	12,390000	12,920000	10,000000
2663	15,730000	15,540000	10,000000
2669	16,440000	16,200000	10,000000
2676	13,210000	11,750000	10,000000
2683	8,180000	7,720000	10,000000
2690	4,150000	3,260000	10,000000
2697	3,290000	3,960000	10,000000
2703	6,310000	7,490000	10,000000
2710	11,030000	11,680000	10,000000
2717	15,640000	14,380000	10,000000
2723	15,910000	15,670000	10,000000
2731	14,850000	13,560000	10,000000
2738	9,490000	8,070000	10,000000
2744	5,520000	4,740000	10,000000
2751	2,540000	3,070000	10,000000
2757	5,300000	5,800000	10,000000
2764	9,800000	9,990000	10,000000
2771	13,400000	13,910000	10,000000
2778	15,520000	15,960000	10,000000
2785	14,450000	13,490000	10,000000
2791	12,520000	10,790000	10,000000
2798	8,340000	5,480000	10,000000
2805	5,290000	4,910000	10,000000
2811	4,520000	5,210000	10,000000
2819	6,550000	8,850000	10,000000
2826	10,520000	11,430000	10,000000
2832	13,180000	13,680000	10,000000
2839	14,220000	14,100000	10,000000
2845	12,160000	10,380000	10,000000
2852	8,410000	7,990000	10,000000
2860	5,970000	5,140000	10,000000
2866	4,020000	6,190000	10,000000
2873	5,800000	6,640000	10,000000
2879	9,700000	9,780000	10,000000
2886	13,610000	14,350000	10,000000
2893	15,580000	15,990000	10,000000
2899	14,340000	13,640000	10,000000
2907	11,120000	9,250000	10,000000
2913	6,450000	5,750000	10,000000
2920	5,490000	6,660000	10,000000
2927	6,600000	6,680000	10,000000
2933	8,110000	7,710000	10,000000
2940	11,940000	11,670000	10,000000
2947	14,270000	16,230000	10,000000
2954	13,780000	13,850000	10,000000
2961	10,870000	10,200000	10,000000
2967	7,890000	8,210000	10,000000
2974	5,290000	5,660000	10,000000
2981	5,240000	6,020000	10,000000
2988	7,810000	8,720000	10,000000
2995	10,830000	12,140000	10,000000
3001	13,140000	13,640000	10,000000
3008	14,450000	12,680000	10,000000
3015	13,460000	12,620000	10,000000
3021	9,990000	8,930000	10,000000
3028	6,860000	6,250000	10,000000
3035	5,360000	4,890000	10,000000
3042	6,910000	7,110000	13,000000
3049	9,140000	9,090000	13,000000
3055	12,860000	13,270000	13,000000
3062	13,520000	13,920000	13,000000
3068	12,460000	12,300000	13,000000
3076	10,750000	10,730000	13,000000
3083	7,760000	7,630000	13,000000
3089	6,120000	4,800000	13,000000
3096	5,610000	5,830000	13,000000
3102	8,890000	10,280000	13,000000
3109	11,540000	12,920000	13,000000
3117	13,370000	13,700000	13,000000
3123	13,160000	12,340000	13,000000
3130	10,930000	10,730000	13,000000
3137	8,940000	7,830000	13,000000
3143	7,510000	7,450000	13,000000
3150	6,620000	7,770000	13,000000
3156	7,680000	8,860000	13,000000
3164	9,910000	11,140000	13,000000
3171	11,720000	11,880000	13,000000
3177	12,860000	12,230000	13,000000
3184	11,390000	10,900000	13,000000
3190	8,830000	9,220000	13,000000
3197	8,320000	8,420000	13,000000
3205	6,880000	6,600000	13,000000
3211	7,920000	8,180000	13,000000
3218	9,330000	10,940000	13,000000
3224	11,320000	12,270000	13,000000
3231	12,610000	12,750000	13,000000
3238	11,870000	11,820000	13,000000
3245	10,730000	9,520000	13,000000
3252	8,310000	7,780000	13,000000
3259	6,780000	7,770000	13,000000
3265	7,630000	8,570000	13,000000
3272	8,460000	9,150000	13,000000
3278	10,030000	9,990000	13,000000
3286	11,490000	11,760000	13,000000
3293	11,330000	12,810000	13,000000
3299	11,050000	10,770000	13,000000
3306	9,800000	9,960000	13,000000
3313	7,660000	7,740000	13,000000
3319	7,300000	6,570000	13,000000
3326	8,230000	9,550000	13,000000
3333	9,460000	10,250000	13,000000
3340	11,130000	11,790000	13,000000
3347	12,020000	11,830000	13,000000
3353	12,030000	11,000000	13,000000
3360	11,080000	9,320000	13,000000
3367	8,540000	8,890000	13,000000
3374	7,460000	8,570000	13,000000
3381	7,110000	8,400000	13,000000
3388	8,430000	8,330000	13,000000
3394	10,810000	10,090000	13,000000
3401	12,100000	12,150000	13,000000
3407	12,060000	11,860000	13,000000
3415	10,670000	11,520000	13,000000
3422	9,270000	8,640000	13,000000
3428	8,330000	7,530000	13,000000
3435	7,840000	7,750000	13,000000
3442	9,040000	8,710000	13,000000
3448	10,060000	10,460000	13,000000
3456	11,290000	11,400000	13,000000
3463	11,720000	12,330000	13,000000
3469	11,270000	11,100000	13,000000
3476	9,770000	9,060000	13,000000
3482	8,150000	7,550000	13,000000
3489	6,860000	7,640000	13,000000
3496	7,760000	7,790000	13,000000
3503	9,840000	10,210000	13,000000
3510	11,280000	12,400000	13,000000
3517	11,980000	12,620000	13,000000
3523	12,030000	11,580000	13,000000
3530	10,220000	9,740000	13,000000
3537	8,250000	7,780000	13,000000
3544	7,550000	7,760000	13,000000
3551	8,140000	7,990000	13,000000
3557	9,070000	10,070000	13,000000
3564	10,580000	11,600000	13,000000
3571	11,440000	11,660000	13,000000
3577	11,590000	10,820000	13,000000
3585	10,970000	9,770000	13,000000
3592	8,850000	9,310000	13,000000
3598	7,930000	8,260000	13,000000
3605	7,480000	7,920000	13,000000
3611	8,400000	8,220000	13,000000
3618	10,930000	10,270000	13,000000
3625	11,560000	12,250000	13,000000
3632	11,240000	11,390000	13,000000
3639	10,760000	10,850000	13,000000
3646	9,940000	9,190000	13,000000
3652	8,930000	8,430000	13,000000
3659	8,840000	9,350000	13,000000
3666	9,310000	9,110000	13,000000
3673	10,100000	9,160000	13,000000
3680	10,680000	10,940000	13,000000
3686	11,150000	11,630000	13,000000
3693	10,450000	9,940000	13,000000
3700	9,420000	8,970000	13,000000
3706	9,170000	9,210000	13,000000
3714	8,840000	9,460000	13,000000
3721	8,970000	9,240000	13,000000
3727	10,390000	10,220000	13,000000
3734	10,380000	10,740000	13,000000
3741	10,160000	10,890000	13,000000
3747	10,790000	10,630000	13,000000
3755	10,250000	8,600000	13,000000
3761	9,380000	9,780000	13,000000
3768	8,540000	9,570000	13,000000
3775	8,530000	8,970000	13,000000
3781	9,890000	9,480000	13,000000
3788	10,720000	10,380000	13,000000
3795	10,690000	11,470000	13,000000
3802	9,830000	9,820000	13,000000
3809	9,800000	7,770000	13,000000
3815	9,210000	9,170000	13,000000
3822	9,000000	9,150000	13,000000
3829	9,630000	9,400000	13,000000
3835	9,360000	9,250000	13,000000
3843	10,200000	9,640000	13,000000
3850	10,340000	9,950000	13,000000
3856	9,820000	10,510000	13,000000
3863	9,870000	10,340000	13,000000
3869	10,050000	10,520000	13,000000
3876	9,700000	9,550000	13,000000
3884	8,990000	8,460000	13,000000
3890	9,450000	8,510000	13,000000
3897	9,250000	10,350000	13,000000
3904	9,900000	9,440000	13,000000
3910	9,740000	11,280000	13,000000
3917	10,000000	11,610000	13,000000
3924	10,160000	9,080000	13,000000
3931	9,700000	8,730000	13,000000
3938	10,280000	9,100000	13,000000
3944	9,690000	8,540000	13,000000
3951	9,720000	10,580000	13,000000
3958	9,690000	8,840000	13,000000
3964	10,140000	9,750000	13,000000
3972	10,550000	11,040000	13,000000
3979	9,810000	9,910000	13,000000
3985	9,470000	10,000000	13,000000
3992	9,340000	10,830000	13,000000
3998	9,670000	8,180000	13,000000
4005	9,250000	8,050000	13,000000
4013	9,850000	11,520000	13,000000
4019	9,590000	10,730000	13,000000
4026	10,230000	10,140000	13,000000
4033	10,210000	8,360000	13,000000
4039	8,760000	8,340000	13,000000
4046	8,990000	9,870000	9,500000
4052	9,330000	10,280000	9,500000
4060	10,410000	11,200000	9,500000
4067	10,630000	11,140000	9,500000
4073	10,070000	9,340000	9,500000
4080	9,190000	8,930000	9,500000
4087	9,230000	10,490000	9,500000
4093	8,700000	9,650000	9,500000
4101	8,210000	9,010000	9,500000
4107	8,950000	8,070000	9,500000
4114	9,570000	8,510000	9,500000
4121	10,940000	11,390000	9,500000
4127	10,560000	12,000000	9,500000
4134	9,090000	9,370000	9,500000
4142	9,210000	10,490000	9,500000
4148	9,860000	8,900000	9,500000
4155	9,460000	9,160000	9,500000
4162	9,480000	10,650000	9,500000
4168	10,400000	11,240000	9,500000
4175	11,020000	8,990000	9,500000
4182	10,600000	10,290000	9,500000
4189	10,270000	10,180000	9,500000
4196	9,420000	8,900000	9,500000
4202	9,100000	7,870000	9,500000
4209	10,340000	10,330000	9,500000
4216	10,020000	10,440000	9,500000
4222	9,250000	9,200000	9,500000
4230	9,980000	9,110000	9,500000
4237	9,860000	8,990000	9,500000
4243	9,740000	11,200000	9,500000
4250	9,790000	11,290000	9,500000
4256	9,520000	9,560000	9,500000
4263	9,880000	9,970000	9,500000
4271	10,310000	8,960000	9,500000
4277	10,400000	11,430000	9,500000
4284	10,790000	11,430000	9,500000
4291	9,540000	10,190000	9,500000
4297	9,700000	9,390000	9,500000
4304	10,040000	8,550000	9,500000
4312	9,600000	8,320000	9,500000
4318	8,740000	9,940000	9,500000
4325	9,080000	8,620000	9,500000
4331	9,290000	9,190000	9,500000
4338	9,750000	10,100000	9,500000
4345	10,240000	8,600000	9,500000
4352	9,760000	11,090000	9,500000
4359	9,940000	11,910000	9,500000
4365	9,980000	9,550000	9,500000
4372	9,590000	8,910000	9,500000
4379	9,310000	8,430000	9,500000
4385	9,210000	10,570000	9,500000
4392	10,140000	11,560000	9,500000
4400	10,970000	10,200000	9,500000
4406	10,230000	10,140000	9,500000
4413	9,430000	9,500000	9,500000
4420	9,290000	7,070000	9,500000
4426	8,510000	8,890000	9,500000
4433	8,790000	11,120000	9,500000
4440	8,520000	9,510000	9,500000
4447	9,260000	9,910000	9,500000
4454	10,840000	9,970000	9,500000
4460	11,600000	12,550000	9,500000
4467	10,890000	11,940000	9,500000
4474	9,860000	8,680000	9,500000
4481	8,910000	9,200000	9,500000
4488	9,290000	9,570000	9,500000
4494	9,410000	9,120000	9,500000
4501	8,800000	10,160000	9,500000
4508	9,980000	10,740000	9,500000
4514	11,150000	9,610000	9,500000
4521	10,510000	9,270000	9,500000
4529	8,600000	9,290000	9,500000
4535	9,090000	9,340000	9,500000
4542	10,030000	8,280000	9,500000
4548	9,930000	10,200000	9,500000
4555	10,450000	9,430000	9,500000
4562	10,170000	9,880000	9,500000
4569	10,070000	10,220000	9,500000
4576	10,610000	9,740000	9,500000
4583	10,250000	10,470000	9,500000
4589	8,930000	10,960000	9,500000
4596	8,880000	8,530000	9,500000
4602	9,680000	8,250000	9,500000
4610	9,320000	9,080000	9,500000
4617	10,450000	10,710000	9,500000
4623	9,950000	11,540000	9,500000
4630	9,760000	10,040000	9,500000
4637	9,670000	8,910000	9,500000
4643	8,730000	8,930000	9,500000
4651	9,320000	8,160000	9,500000
4657	9,410000	10,520000	9,500000
4664	9,980000	10,850000	9,500000
4671	10,140000	10,510000	9,500000
4677	10,180000	10,290000	9,500000
4684	9,840000	8,820000	9,500000
4691	10,530000	11,600000	9,500000
4698	9,890000	11,900000	9,500000
4705	8,910000	9,330000	9,500000
4712	8,600000	8,180000	9,500000
4718	7,810000	7,250000	9,500000
4725	9,010000	9,260000	9,500000
4731	10,280000	10,410000	9,500000
4739	10,870000	10,470000	9,500000
4746	10,610000	11,180000	9,500000
4752	9,610000	9,100000	9,500000
4759	9,200000	7,590000	9,500000
4766	8,980000	10,120000	9,500000
4772	9,020000	9,760000	9,500000
4780	9,870000	10,270000	9,500000
4787	10,410000	11,570000	9,500000
4793	10,330000	9,830000	9,500000
4800	10,550000	9,120000	9,500000
4806	9,440000	10,040000	9,500000
4813	9,150000	8,750000	9,500000
4820	9,160000	9,660000	9,500000
4827	8,820000	7,980000	9,500000
4834	9,240000	7,890000	9,500000
4841	9,960000	10,670000	9,500000
4847	10,920000	11,930000	9,500000
4854	11,050000	9,950000	9,500000
4860	10,660000	10,280000	9,500000
4868	9,310000	10,580000	9,500000
4875	8,960000	9,600000	9,500000
4881	9,810000	9,520000	9,500000
4888	9,430000	9,160000	9,500000
4895	9,780000	9,050000	9,500000
4901	10,200000	11,260000	9,500000
4909	10,020000	10,970000	9,500000
4916	9,590000	8,680000	9,500000
4922	9,550000	10,010000	9,500000
4929	8,740000	8,700000	9,500000
4935	8,910000	10,280000	9,500000
4942	9,850000	10,390000	9,500000
4950	9,880000	9,280000	9,500000
4956	10,360000	11,380000	9,500000
4963	9,840000	10,120000	9,500000
4970	9,960000	9,610000	9,500000
4976	10,480000	10,210000	9,500000
4983	9,550000	9,690000	9,500000
4989	9,570000	10,420000	9,500000
4997	8,440000	7,370000	9,500000
5004	8,860000	8,510000	9,500000
5010	9,770000	11,180000	9,500000
5017	10,170000	9,200000	9,500000
5024	10,550000	10,980000	9,500000
5030	10,230000	12,130000	9,500000
5038	9,260000	9,490000	9,500000
5044	9,170000	8,410000	9,500000
5051	9,310000	7,790000	9,750000
5058	9,260000	9,840000	9,750000
5064	9,920000	10,580000	9,750000
5071	10,160000	11,300000	9,750000
5079	11,060000	13,030000	9,750000
5085	10,140000	10,300000	9,750000
5092	9,630000	10,590000	9,750000
5098	9,270000	8,170000	9,750000
5105	8,840000	8,850000	9,750000
5112	8,810000	9,180000	9,750000
5118	9,240000	10,350000	9,750000
5126	10,140000	11,300000	9,750000
5133	10,400000	9,520000	9,750000
5139	10,350000	10,720000	9,750000
5146	10,050000	9,760000	9,750000
5153	9,450000	8,010000	9,750000
5159	9,700000	9,130000	9,750000
5167	8,820000	9,110000	9,750000
5173	9,050000	10,970000	9,750000
5180	10,270000	10,000000	9,750000
5187	10,710000	10,700000	9,750000
5193	11,130000	11,310000	9,750000
5200	9,690000	9,380000	9,750000
5208	9,330000	9,580000	9,750000
5214	9,710000	8,330000	9,750000
5221	9,040000	9,190000	9,750000
5227	9,050000	8,270000	9,750000
5234	9,350000	9,810000	9,750000
5241	10,910000	9,390000	9,750000
5248	10,550000	9,180000	9,750000
5255	10,530000	10,060000	9,750000
5261	9,670000	9,550000	9,750000
5268	9,610000	8,970000	9,750000
5275	9,740000	10,220000	9,750000
5281	9,970000	9,480000	9,750000
5288	9,920000	10,360000	9,750000
5296	10,340000	9,370000	9,750000
5302	10,500000	10,240000	9,750000
5309	9,920000	9,340000	9,750000
5315	9,380000	9,750000	9,750000
5322	9,820000	9,660000	9,750000
5329	8,860000	8,130000	9,750000
5336	9,490000	10,290000	9,750000
5343	10,270000	10,470000	9,750000
5349	10,550000	11,080000	9,750000
5356	11,820000	11,830000	9,750000
5362	10,900000	11,700000	9,750000
5369	9,230000	10,940000	9,750000
5377	9,740000	9,550000	9,750000
5383	9,120000	9,270000	9,750000
5390	9,730000	10,380000	9,750000
5397	10,030000	10,080000	9,750000
5403	10,910000	10,480000	9,750000
5410	10,600000	10,680000	9,750000
5417	10,500000	10,680000	9,750000
5424	9,700000	8,510000	9,750000
5431	8,540000	8,350000	9,750000
5437	9,020000	8,640000	9,750000
5444	9,290000	9,280000	9,750000
5451	9,810000	10,290000	9,750000
5457	11,200000	10,420000	9,750000
5465	11,240000	10,790000	9,750000
5472	11,650000	10,280000	9,750000
5478	10,050000	9,730000	9,750000
5485	9,080000	8,750000	9,750000
5491	8,340000	7,910000	9,750000
5498	8,870000	10,110000	9,750000
5506	9,010000	9,280000	9,750000
5512	9,750000	9,480000	9,750000
5519	9,940000	9,980000	9,750000
5526	9,940000	11,180000	9,750000
5532	10,640000	10,200000	9,750000
5539	10,350000	9,700000	9,750000
5545	9,520000	10,180000	9,750000
5553	9,310000	9,330000	9,750000
5560	10,080000	9,300000	9,750000
5566	9,250000	9,360000	9,750000
5573	9,760000	10,390000	9,750000
5580	10,570000	9,830000	9,750000
5586	9,650000	10,660000	9,750000
5594	8,940000	9,090000	9,750000
5600	9,410000	9,120000	9,750000
5607	9,740000	10,010000	9,750000
5614	8,200000	8,990000	9,750000
5620	9,260000	9,620000	9,750000
5627	10,680000	10,580000	9,750000
5635	11,170000	10,000000	9,750000
5641	10,270000	9,830000	9,750000
5648	9,930000	10,680000	9,750000
5655	10,070000	9,750000	9,750000
5661	10,490000	10,250000	9,750000
5668	10,420000	9,200000	9,750000
5675	8,480000	8,680000	9,750000
5682	9,220000	9,560000	9,750000
5689	9,580000	8,310000	9,750000
5695	10,210000	10,150000	9,750000
5702	10,140000	10,380000	9,750000
5709	9,970000	10,230000	9,750000
5715	10,800000	9,960000	9,750000
5723	10,620000	10,160000	9,750000
5730	10,680000	10,540000	9,750000
5736	8,900000	9,190000	9,750000
5743	8,630000	9,500000	9,750000
5750	9,270000	10,250000	9,750000
5756	9,470000	10,190000	9,750000
5764	10,090000	9,630000	9,750000
5770	9,540000	9,030000	9,750000
5777	8,460000	9,530000	9,750000
5784	9,230000	9,910000	9,750000
5790	9,190000	8,990000	9,750000
5797	9,250000	10,010000	9,750000
5805	10,170000	10,460000	9,750000
5811	10,160000	10,810000	9,750000
5818	9,830000	10,030000	9,750000
5825	11,580000	11,000000	9,750000
5831	11,260000	10,480000	9,750000
5838	9,750000	10,130000	9,750000
5844	8,700000	9,440000	9,750000
5852	7,870000	8,850000	9,750000
5859	6,800000	8,910000	9,750000
5865	8,540000	8,820000	9,750000
5872	9,180000	9,990000	9,750000
5879	8,770000	9,710000	9,750000
5885	11,790000	10,560000	9,750000
5893	11,770000	10,570000	9,750000
5899	12,250000	10,670000	9,750000
5906	12,180000	10,860000	9,750000
5913	10,940000	10,000000	9,750000
5919	11,330000	8,950000	9,750000
5926	7,800000	7,700000	9,750000
5934	8,850000	9,710000	9,750000
5940	7,860000	9,320000	9,750000
5947	8,610000	8,610000	9,750000
5954	9,720000	9,710000	9,750000
5960	8,530000	10,230000	9,750000
5967	9,760000	9,720000	9,750000
5974	7,890000	8,340000	9,750000
5981	8,150000	9,830000	9,750000
5988	8,690000	10,410000	9,750000
5994	8,290000	10,960000	9,750000
6001	9,760000	10,770000	9,750000
6008	8,350000	10,030000	9,750000
6014	9,790000	9,390000	9,750000
6022	7,300000	8,500000	9,750000
6028	6,850000	8,990000	9,750000
6035	7,350000	8,700000	9,750000
6042	7,520000	9,520000	9,750000
6048	9,530000	10,430000	9,750000
6055	8,900000	11,870000	11,250000
6063	10,680000	11,410000	11,250000
6069	9,940000	9,920000	11,250000
6076	10,790000	10,580000	11,250000
6083	10,170000	9,460000	11,250000
6089	8,070000	8,810000	11,250000
6096	9,450000	8,710000	11,250000
6103	8,400000	9,730000	11,250000
6110	10,410000	10,040000	11,250000
6117	9,520000	10,450000	11,250000
6123	11,390000	10,230000	11,250000
6130	9,620000	10,310000	11,250000
6137	9,810000	9,960000	11,250000
6144	7,880000	8,520000	11,250000
6151	8,460000	9,860000	11,250000
6157	9,630000	9,950000	11,250000
6164	10,810000	10,420000	11,250000
6171	10,820000	9,990000	11,250000
6177	10,930000	10,220000	11,250000
6184	11,180000	9,220000	11,250000
6192	8,920000	8,720000	11,250000
6198	8,250000	8,260000	11,250000
6205	7,870000	8,270000	11,250000
6212	8,920000	9,500000	11,250000
6218	11,280000	9,700000	11,250000
6225	12,690000	12,250000	11,250000
6232	13,440000	12,040000	11,250000
6239	11,140000	10,030000	11,250000
6246	8,470000	7,850000	11,250000
6252	8,520000	8,300000	11,250000
6259	8,550000	7,450000	11,250000
6266	9,880000	8,010000	11,250000
6273	10,160000	9,250000	11,250000
6280	10,330000	11,040000	11,250000
6287	9,900000	11,320000	11,250000
6293	10,300000	11,120000	11,250000
6300	10,110000	10,310000	11,250000
6306	12,110000	10,290000	11,250000
6313	9,890000	9,980000	11,250000
6321	8,510000	10,210000	11,250000
6327	8,260000	9,030000	11,250000
6334	7,340000	8,970000	11,250000
6341	8,890000	9,940000	11,250000
6347	9,730000	10,880000	11,250000
6354	8,920000	9,120000	11,250000
6361	9,550000	8,700000	11,250000
6368	8,420000	10,080000	11,250000
6375	9,420000	9,860000	11,250000
6381	9,240000	10,240000	11,250000
6388	11,930000	10,780000	11,250000
6395	11,680000	11,770000	11,250000
6402	9,940000	9,410000	11,250000
6409	7,680000	8,220000	11,250000
6416	9,970000	8,600000	11,250000
6422	9,320000	8,250000	11,250000
6429	8,080000	8,270000	11,250000
6435	9,670000	9,450000	11,250000
6443	12,150000	10,870000	11,250000
6450	12,110000	11,380000	11,250000
6456	11,590000	11,280000	11,250000
6463	10,080000	9,730000	11,250000
6470	10,290000	9,500000	11,250000
6476	8,980000	8,490000	11,250000
6483	8,040000	9,500000	11,250000
6490	9,510000	9,250000	11,250000
6497	9,120000	10,110000	11,250000
6504	10,020000	9,660000	11,250000
6510	9,810000	9,370000	11,250000
6517	10,120000	10,110000	11,250000
6524	9,960000	10,300000	11,250000
6531	10,340000	11,400000	11,250000
6538	10,160000	9,130000	11,250000
6545	10,300000	10,300000	11,250000
6551	10,590000	10,730000	11,250000
6558	9,980000	9,550000	11,250000
6565	8,900000	8,670000	11,250000
6572	7,180000	8,470000	11,250000
6579	9,280000	8,530000	11,250000
6585	9,500000	7,920000	11,250000
6592	7,810000	9,070000	11,250000
6599	8,840000	11,850000	11,250000
6605	10,410000	11,680000	11,250000
6612	10,440000	10,160000	11,250000
6620	10,510000	10,330000	11,250000
6626	8,960000	11,030000	11,250000
6633	7,670000	9,270000	11,250000
6640	8,790000	9,460000	11,250000
6646	9,950000	9,040000	11,250000
6653	7,720000	9,110000	11,250000
6660	8,640000	8,530000	11,250000
6667	10,340000	9,960000	11,250000
6674	10,600000	10,440000	11,250000
6680	10,110000	11,030000	11,250000
6687	11,500000	11,600000	11,250000
6694	11,510000	11,610000	11,250000
6701	9,550000	9,810000	11,250000
6708	8,590000	9,310000	11,250000
6714	8,440000	8,360000	11,250000
6721	7,970000	7,050000	11,250000
6728	7,470000	9,510000	11,250000
6734	9,270000	9,740000	11,250000
6742	9,600000	10,610000	11,250000
6749	10,090000	9,950000	11,250000
6755	11,060000	11,260000	11,250000
6762	10,930000	10,870000	11,250000
6769	10,310000	11,000000	11,250000
6775	10,830000	9,200000	11,250000
6782	10,440000	9,630000	11,250000
6789	9,910000	10,170000	11,250000
6796	7,550000	9,400000	11,250000
6803	10,070000	8,330000	11,250000
6809	9,860000	8,500000	11,250000
6816	9,070000	9,890000	11,250000
6823	10,990000	10,790000	11,250000
6830	11,510000	10,590000	11,250000
6837	10,850000	9,610000	11,250000
6844	10,880000	10,480000	11,250000
6850	10,970000	10,000000	11,250000
6857	10,630000	10,350000	11,250000
6864	9,770000	8,510000	11,250000
6871	8,390000	8,700000	11,250000
6878	7,740000	9,310000	11,250000
6884	7,900000	8,600000	11,250000
6891	10,080000	8,960000	11,250000
6898	10,240000	12,040000	11,250000
6904	10,490000	10,920000	11,250000
6912	11,580000	10,940000	11,250000
6919	10,350000	9,980000	11,250000
6925	10,420000	10,770000	11,250000
6932	9,570000	8,910000	11,250000
6939	8,740000	9,870000	11,250000
6945	9,020000	9,240000	11,250000
6952	9,560000	9,020000	11,250000
6959	9,270000	8,590000	11,250000
6966	9,990000	10,290000	11,250000
6973	9,690000	8,610000	11,250000
6979	8,890000	9,760000	11,250000
6986	10,750000	10,010000	11,250000
6993	12,690000	10,930000	11,250000
7000	10,550000	10,710000	11,250000
7007	11,220000	11,480000	11,250000
7014	9,850000	9,870000	11,250000
7020	7,280000	7,980000	11,250000
7027	8,650000	9,030000	11,250000
7033	9,460000	8,480000	11,250000
7041	8,410000	8,600000	11,250000
7048	9,870000	9,020000	11,250000
7054	10,410000	10,920000	11,250000
7061	11,890000	10,350000	13,000000
7068	12,560000	11,080000	13,000000
7074	11,460000	10,950000	13,000000
7081	9,330000	10,380000	13,000000
7089	9,480000	8,220000	13,000000
7095	9,070000	8,300000	13,000000
7102	8,280000	8,070000	13,000000
7108	7,750000	9,130000	13,000000
7115	9,590000	8,790000	13,000000
7122	9,060000	10,590000	13,000000
7129	10,950000	10,240000	13,000000
7136	10,770000	11,740000	13,000000
7143	11,240000	11,150000	13,000000
7149	11,380000	11,260000	13,000000
7156	8,950000	9,900000	13,000000
7162	6,460000	9,340000	13,000000
7170	8,230000	8,060000	13,000000
7177	7,390000	8,980000	13,000000
7183	6,890000	8,690000	13,000000
7190	11,090000	10,480000	13,000000
7197	9,720000	9,970000	13,000000
7203	11,520000	10,550000	13,000000
7211	10,970000	11,450000	13,000000
7218	9,890000	10,590000	13,000000
7224	9,850000	8,720000	13,000000
7231	9,640000	9,500000	13,000000
7237	9,520000	7,570000	13,000000
7244	9,800000	8,960000	13,000000
7251	9,150000	8,340000	13,000000
7258	9,190000	10,600000	13,000000
7265	8,280000	8,660000	13,000000
7272	10,020000	10,030000	13,000000
7278	10,890000	10,340000	13,000000
7285	10,860000	10,080000	13,000000
7292	11,670000	11,500000	13,000000
7299	9,970000	11,850000	13,000000
7306	10,390000	9,900000	13,000000
7312	10,140000	8,530000	13,000000
7319	8,600000	9,180000	13,000000
7326	8,670000	9,070000	13,000000
7332	8,860000	8,350000	13,000000
7340	8,340000	10,400000	13,000000
7347	10,010000	9,480000	13,000000
7353	10,300000	10,300000	13,000000
7360	10,970000	11,460000	13,000000
7367	10,880000	12,070000	13,000000
7373	10,320000	10,030000	13,000000
7380	9,610000	9,690000	13,000000
7387	10,250000	9,410000	13,000000
7394	8,680000	8,770000	13,000000
7401	8,490000	8,020000	13,000000
7407	10,080000	8,700000	13,000000
7414	9,530000	8,650000	13,000000
7421	9,700000	9,070000	13,000000
7428	10,080000	10,310000	13,000000
7435	11,900000	11,660000	13,000000
7442	10,930000	12,080000	13,000000
7448	11,560000	10,890000	13,000000
7455	10,890000	10,130000	13,000000
7462	9,670000	7,980000	13,000000
7469	7,980000	7,670000	13,000000
7476	7,340000	9,260000	13,000000
7482	8,230000	9,030000	13,000000
7489	7,520000	9,760000	13,000000
7496	10,940000	10,970000	13,000000
7502	11,190000	11,870000	13,000000
7510	11,530000	11,350000	13,000000
7517	10,410000	11,360000	13,000000
7523	11,260000	10,980000	13,000000
7530	9,080000	8,040000	13,000000
7536	8,630000	9,030000	13,000000
7543	8,450000	8,930000	13,000000
7550	7,980000	8,810000	13,000000
7557	8,720000	7,910000	13,000000
7564	9,720000	10,080000	13,000000
7570	11,700000	11,680000	13,000000
7577	9,870000	11,270000	13,000000
7584	11,360000	12,320000	13,000000
7590	11,420000	9,420000	13,000000
7598	8,850000	9,260000	13,000000
7605	9,230000	9,250000	13,000000
7611	8,680000	8,990000	13,000000
7618	7,160000	7,430000	13,000000
7624	8,750000	9,380000	13,000000
7631	10,530000	10,180000	13,000000
7639	10,490000	10,910000	13,000000
7645	11,010000	11,520000	13,000000
7652	11,260000	12,430000	13,000000
7659	10,700000	9,780000	13,000000
7665	10,590000	9,980000	13,000000
7672	9,950000	9,840000	13,000000
7680	9,400000	9,110000	13,000000
7686	9,380000	8,170000	13,000000
7693	9,200000	9,840000	13,000000
7699	9,560000	9,850000	13,000000
7706	8,530000	8,750000	13,000000
7713	9,490000	8,960000	13,000000
7719	9,960000	11,140000	13,000000
7727	11,260000	9,710000	13,000000
7734	10,340000	11,090000	13,000000
7740	10,760000	10,760000	13,000000
7747	9,160000	9,300000	13,000000
7754	8,750000	7,970000	13,000000
7760	7,840000	9,090000	13,000000
7768	8,490000	7,030000	13,000000
7774	7,410000	7,630000	13,000000
7781	10,200000	10,650000	13,000000
7788	10,330000	11,570000	13,000000
7794	11,800000	11,100000	13,000000
7801	10,510000	12,620000	13,000000
7809	12,400000	11,550000	13,000000
7815	9,360000	9,700000	13,000000
7822	9,170000	9,210000	13,000000
7829	7,480000	8,550000	13,000000
7835	6,780000	5,890000	13,000000
7842	8,710000	9,260000	13,000000
7848	8,960000	10,200000	13,000000
7856	10,460000	10,260000	13,000000
7863	11,140000	12,000000	13,000000
7869	11,850000	12,820000	13,000000
7876	10,980000	10,460000	13,000000
7883	9,940000	11,520000	13,000000
7889	9,210000	10,120000	13,000000
7897	8,530000	7,550000	13,000000
7904	7,330000	6,750000	13,000000
7910	8,120000	8,390000	13,000000
7917	9,240000	9,200000	13,000000
7923	11,110000	10,850000	13,000000
7930	11,850000	11,740000	13,000000
7938	13,200000	11,650000	13,000000
7944	12,860000	10,080000	13,000000
7951	11,390000	9,760000	13,000000
7958	9,790000	9,650000	13,000000
7964	7,210000	8,560000	13,000000
7971	7,790000	8,250000	13,000000
7977	9,020000	9,860000	13,000000
7985	9,270000	8,890000	13,000000
7992	9,200000	10,030000	13,000000
7998	11,100000	10,630000	13,000000
8005	10,660000	11,270000	13,000000
8012	11,180000	9,240000	13,000000
8018	10,970000	12,020000	13,000000
8026	10,530000	9,490000	13,000000
8033	9,500000	9,440000	13,000000
8039	9,140000	8,860000	13,000000
8046	8,920000	9,720000	13,000000
8052	8,050000	8,890000	13,000000
8059	7,090000	9,350000	13,000000
8067	8,880000	9,920000	13,750000
8073	9,340000	9,770000	13,750000
8080	10,380000	9,880000	13,750000
8087	12,240000	11,430000	13,750000
8093	10,550000	9,420000	13,750000
8100	10,890000	10,150000	13,750000
8108	10,320000	9,820000	13,750000
8114	9,150000	9,150000	13,750000
8121	8,150000	8,410000	13,750000
8127	8,270000	8,680000	13,750000
8134	9,590000	9,390000	13,750000
8141	9,280000	9,010000	13,750000
8147	10,760000	11,000000	13,750000
8155	12,190000	11,460000	13,750000
8162	11,470000	11,760000	13,750000
8168	12,310000	11,850000	13,750000
8175	10,280000	9,920000	13,750000
8182	9,610000	8,550000	13,750000
8188	8,230000	8,070000	13,750000
8196	7,410000	8,140000	13,750000
8202	7,520000	8,570000	13,750000
8209	8,620000	9,330000	13,750000
8216	10,090000	11,430000	13,750000
8222	11,760000	11,110000	13,750000
8229	11,830000	11,310000	13,750000
8237	12,160000	12,490000	13,750000
8243	10,060000	10,300000	13,750000
8250	8,480000	8,540000	13,750000
8257	7,670000	7,820000	13,750000
8263	6,690000	8,720000	13,750000
8270	6,730000	8,440000	13,750000
8276	9,560000	8,750000	13,750000
8284	9,520000	10,690000	13,750000
8291	10,780000	10,740000	13,750000
8297	11,350000	11,490000	13,750000
8304	11,650000	12,310000	13,750000
8311	10,730000	10,230000	13,750000
8317	9,310000	9,260000	13,750000
8325	10,500000	9,390000	13,750000
8332	8,500000	7,890000	13,750000
8338	6,900000	7,810000	13,750000
8345	8,390000	10,120000	13,750000
8351	9,750000	9,640000	13,750000
8358	10,660000	11,320000	13,750000
8366	11,940000	12,080000	13,750000
8372	12,380000	11,830000	13,750000
8379	11,060000	10,690000	13,750000
8386	9,430000	10,000000	13,750000
8392	9,760000	8,820000	13,750000
8399	8,320000	8,260000	13,750000
8407	8,600000	8,890000	13,750000
8413	8,990000	9,570000	13,750000
8420	9,700000	9,410000	13,750000
8426	11,020000	10,240000	13,750000
8433	10,920000	9,940000	13,750000
8440	9,600000	10,200000	13,750000
8446	10,010000	10,200000	13,750000
8454	9,690000	10,300000	13,750000
8461	10,150000	10,370000	13,750000
8467	10,200000	8,510000	13,750000
8474	8,570000	9,860000	13,750000
8480	8,760000	7,810000	13,750000
8487	8,950000	9,020000	13,750000
8495	9,110000	9,640000	13,750000
8501	10,350000	11,440000	13,750000
8508	10,390000	11,290000	13,750000
8515	11,180000	11,690000	13,750000
8521	10,450000	10,620000	13,750000
8528	12,010000	10,690000	13,750000
8536	10,670000	10,510000	13,750000
8542	9,930000	9,670000	13,750000
8549	7,640000	8,230000	13,750000
8556	8,790000	8,010000	13,750000
8562	8,690000	8,120000	13,750000
8569	9,010000	10,220000	13,750000
8576	10,510000	9,790000	13,750000
8583	11,250000	12,140000	13,750000
8590	12,120000	11,300000	13,750000
8596	11,420000	11,100000	13,750000
8603	10,700000	10,850000	13,750000
8610	8,330000	9,010000	13,750000
8616	7,990000	7,690000	13,750000
8624	7,650000	7,380000	13,750000
8631	7,690000	8,420000	13,750000
8637	8,270000	9,170000	13,750000
8644	9,700000	10,790000	13,750000
8650	12,100000	12,020000	13,750000
8657	12,700000	12,570000	13,750000
8665	12,570000	13,130000	13,750000
8671	10,790000	10,540000	13,750000
8678	8,290000	8,620000	13,750000
8685	7,880000	8,350000	13,750000
8691	7,620000	7,960000	13,750000
8698	7,240000	8,440000	13,750000
8706	9,110000	9,860000	13,750000
8712	9,970000	10,860000	13,750000
8719	10,560000	11,350000	13,750000
8725	11,140000	11,550000	13,750000
8732	12,100000	12,020000	13,750000
8739	9,340000	10,120000	13,750000
8745	9,950000	10,350000	13,750000
8753	8,970000	9,600000	13,750000
8760	9,490000	8,150000	13,750000
8766	8,510000	8,090000	13,750000
8773	9,020000	9,630000	13,750000
8779	8,500000	9,380000	13,750000
8786	9,790000	9,810000	13,750000
8794	10,370000	10,480000	13,750000
8800	10,240000	10,150000	13,750000
8807	10,910000	11,180000	13,750000
8814	10,630000	9,900000	13,750000
8820	10,490000	11,090000	13,750000
8827	9,310000	9,160000	13,750000
8835	9,300000	9,410000	13,750000
8841	9,160000	8,400000	13,750000
8848	9,630000	9,280000	13,750000
8854	8,470000	9,870000	13,750000
8861	9,540000	10,540000	13,750000
8868	9,990000	9,360000	13,750000
8875	10,010000	10,950000	13,750000
8882	11,280000	10,610000	13,750000
8889	10,830000	11,790000	13,750000
8895	9,760000	9,530000	13,750000
8902	9,230000	10,010000	13,750000
8908	8,680000	7,640000	13,750000
8915	6,260000	7,710000	13,750000
8923	8,050000	8,700000	13,750000
8929	8,690000	9,570000	13,750000
8936	10,670000	10,560000	13,750000
8943	11,510000	11,980000	13,750000
8949	12,330000	11,960000	13,750000
8956	11,170000	11,140000	13,750000
8964	9,820000	9,740000	13,750000
8970	8,070000	9,260000	13,750000
8977	7,200000	6,360000	13,750000
8983	7,350000	8,500000	13,750000
8990	8,700000	8,700000	13,750000
8997	9,270000	10,290000	13,750000
9004	10,940000	10,540000	13,750000
9011	12,730000	12,040000	13,750000
9018	12,010000	12,370000	13,750000
9024	11,350000	10,800000	13,750000
9031	10,050000	10,670000	13,750000
9038	8,770000	9,150000	13,750000
9044	7,110000	7,470000	13,750000
9052	8,360000	9,790000	13,750000
9058	8,190000	8,760000	13,750000
9065	8,670000	8,860000	13,750000
9072	10,520000	10,380000	14,000000
9078	11,270000	11,410000	14,000000
9085	11,620000	10,890000	14,000000
9093	10,430000	11,500000	14,000000
9099	11,080000	10,920000	14,000000
9106	9,230000	7,900000	14,000000
9113	9,210000	7,310000	14,000000
9119	8,610000	9,220000	14,000000
9126	7,710000	9,520000	14,000000
9133	9,610000	9,370000	14,000000
9140	9,150000	9,700000	14,000000
9147	10,120000	10,970000	14,000000
9153	9,510000	9,460000	14,000000
9160	10,720000	10,420000	14,000000
9167	10,630000	10,350000	14,000000
9174	10,710000	9,900000	14,000000
9181	9,650000	10,730000	14,000000
9187	9,990000	9,310000	14,000000
9194	8,560000	8,820000	14,000000
9201	9,050000	9,160000	14,000000
9207	8,560000	10,080000	14,000000
9214	8,530000	9,180000	14,000000
9222	9,040000	9,850000	14,000000
9228	11,260000	11,700000	14,000000
9235	11,460000	10,670000	14,000000
9241	10,850000	11,150000	14,000000
9248	10,320000	10,720000	14,000000
9255	10,960000	10,190000	14,000000
9262	7,920000	7,400000	14,000000
9269	7,980000	9,000000	14,000000
9276	7,210000	7,890000	14,000000
9282	7,120000	8,030000	14,000000
9289	10,010000	10,150000	14,000000
9296	10,990000	10,810000	14,000000
9303	11,170000	10,850000	14,000000
9310	11,490000	12,390000	14,000000
9317	12,080000	10,950000	14,000000
9323	11,620000	9,220000	14,000000
9330	9,320000	9,080000	14,000000
9337	8,490000	8,750000	14,000000
9344	6,970000	7,680000	14,000000
9351	6,610000	7,140000	14,000000
9357	9,630000	9,890000	14,000000
9364	9,490000	10,690000	14,000000
9371	11,080000	11,850000	14,000000
9377	11,960000	13,270000	14,000000
9384	11,720000	12,000000	14,000000
9392	9,710000	9,940000	14,000000
9398	8,080000	8,490000	14,000000
9405	6,460000	8,410000	14,000000
9411	7,010000	7,050000	14,000000
9418	7,210000	8,060000	14,000000
9425	8,970000	9,950000	14,000000
9432	9,400000	10,210000	14,000000
9439	10,800000	11,620000	14,000000
9446	10,960000	11,880000	14,000000
9452	11,210000	11,470000	14,000000
9459	9,760000	9,060000	14,000000
9465	9,480000	10,300000	14,000000
9473	8,490000	8,400000	14,000000
9480	7,390000	7,900000	14,000000
9486	7,480000	8,890000	14,000000
9493	9,080000	9,940000	14,000000
9500	9,440000	8,850000	14,000000
9506	10,290000	9,950000	14,000000
9513	11,160000	11,480000	14,000000
9520	10,200000	10,100000	14,000000
9527	11,400000	10,000000	14,000000
9534	11,530000	11,110000	14,000000
9540	9,400000	9,330000	14,000000
9547	9,380000	8,590000	14,000000
9554	9,590000	9,480000	14,000000
9561	9,250000	8,390000	14,000000
9568	7,970000	8,200000	14,000000
9575	9,750000	9,180000	14,000000
9581	9,150000	10,700000	14,000000
9588	10,630000	9,180000	14,000000
9594	11,510000	10,560000	14,000000
9602	12,150000	11,190000	14,000000
9609	10,690000	10,330000	14,000000
9615	11,090000	10,510000	14,000000
9622	9,960000	9,520000	14,000000
9629	8,810000	7,810000	14,000000
9635	8,690000	8,310000	14,000000
9643	7,920000	8,430000	14,000000
9649	7,830000	9,530000	14,000000
9656	9,570000	9,590000	14,000000
9663	10,420000	12,900000	14,000000
9669	13,600000	11,080000	14,000000
9676	11,790000	11,780000	14,000000
9683	10,630000	10,610000	14,000000
9690	8,500000	9,660000	14,000000
9697	8,510000	7,280000	14,000000
9704	7,670000	7,270000	14,000000
9710	8,260000	8,860000	14,000000
9717	7,360000	8,500000	14,000000
9723	9,940000	10,370000	14,000000
9731	11,440000	11,080000	14,000000
9738	11,920000	10,810000	14,000000
9744	13,110000	11,510000	14,000000
9751	11,150000	11,060000	14,000000
9758	10,130000	8,800000	14,000000
9764	7,190000	7,970000	14,000000
9772	8,960000	7,810000	14,000000
9779	8,880000	7,990000	14,000000
9785	7,070000	7,450000	14,000000
9792	10,350000	10,660000	14,000000
9799	10,950000	10,460000	14,000000
9805	11,610000	10,880000	14,000000
9812	12,120000	11,740000	14,000000
9820	11,940000	10,950000	14,000000
9826	9,450000	9,890000	14,000000
9833	8,790000	8,360000	14,000000
9839	8,500000	8,750000	14,000000
9846	8,390000	8,130000	14,000000
9853	6,570000	9,630000	14,000000
9860	8,890000	10,480000	14,000000
9867	9,570000	10,870000	14,000000
9874	10,660000	11,540000	14,000000
9880	10,860000	10,790000	14,000000
9887	10,160000	10,070000	14,000000
9893	9,650000	10,110000	14,000000
9901	9,750000	9,970000	14,000000
9908	8,940000	9,190000	14,000000
9914	8,950000	7,810000	14,000000
9921	8,800000	9,820000	14,000000
9928	8,010000	8,630000	14,000000
9934	9,560000	8,940000	14,000000
9942	9,680000	9,120000	14,000000
9948	10,830000	10,260000	14,000000
9955	11,950000	10,110000	14,000000
9962	11,520000	10,870000	14,000000
9968	11,440000	10,900000	14,000000
9975	9,910000	10,110000	14,000000
9982	9,380000	9,400000	14,000000
9989	8,070000	9,240000	14,000000
9996	7,860000	8,430000	14,000000
10002	7,170000	8,880000	14,000000
10009	8,890000	9,070000	14,000000
10016	10,850000	11,780000	14,000000
10023	10,720000	10,840000	14,000000
10030	11,790000	12,190000	14,000000
10037	11,240000	10,910000	14,000000
10044	11,720000	10,100000	14,000000
10050	9,650000	8,980000	14,000000
10057	8,190000	8,830000	14,000000
10064	6,990000	8,220000	14,000000
10071	7,270000	8,770000	14,000000
10078	7,340000	9,300000	14,000000
10085	9,410000	10,120000	14,000000
10091	9,390000	10,390000	14,000000
10098	11,640000	11,910000	14,000000
10105	11,420000	10,250000	14,000000
10112	11,540000	11,960000	14,000000
10119	9,810000	9,370000	14,000000
10126	7,260000	7,670000	14,000000
10132	7,260000	7,270000	14,000000
10139	7,770000	8,470000	14,000000
10146	7,900000	9,040000	14,000000
10152	9,910000	10,520000	14,000000
10160	11,080000	12,090000	14,000000
10167	11,940000	11,390000	14,000000
10173	12,110000	11,590000	14,000000
10180	10,180000	11,000000	14,000000
10187	10,000000	9,250000	14,000000
10193	8,010000	8,700000	14,000000
10201	8,060000	8,480000	14,000000
10208	8,720000	8,950000	14,000000
10214	9,530000	8,660000	14,000000
10221	10,270000	10,140000	14,000000
10228	11,070000	11,000000	14,000000
10234	10,740000	11,000000	14,000000
10242	11,350000	11,430000	14,000000
10249	10,670000	10,450000	14,000000
10256	10,270000	10,170000	14,000000
10262	10,040000	9,550000	14,000000
10269	7,040000	8,660000	14,000000
10276	9,170000	8,100000	14,000000
10283	8,340000	9,450000	14,000000
10290	9,330000	8,550000	14,000000
10297	10,340000	9,600000	14,000000
10303	10,940000	11,060000	14,000000
10310	11,410000	11,910000	14,000000
10317	10,970000	9,840000	14,000000
10323	10,440000	10,580000	14,000000
10331	10,290000	10,330000	14,000000
10338	9,900000	10,580000	14,000000
10344	9,410000	8,640000	14,000000
10351	9,130000	9,560000	14,000000
10358	9,490000	9,290000	14,000000
10364	8,410000	8,220000	14,000000
10372	9,790000	9,200000	14,000000
10379	10,040000	11,510000	14,000000
10385	11,510000	9,900000	14,000000
10392	12,220000	12,340000	14,000000
10399	11,980000	11,600000	14,000000
10405	10,520000	10,650000	14,000000
10413	9,230000	8,600000	14,000000
10420	8,850000	8,890000	14,000000
10426	7,820000	7,170000	14,000000
10433	8,350000	8,250000	14,000000
10440	8,860000	9,800000	14,000000
10446	10,040000	10,480000	14,000000
10454	10,270000	10,300000	14,000000
10461	11,690000	12,200000	14,000000
10467	10,950000	11,380000	14,000000
10474	10,240000	10,190000	14,000000
10481	9,550000	9,620000	14,000000
10487	8,520000	9,140000	14,000000
10494	7,940000	6,840000	14,000000
10502	7,620000	9,570000	14,000000
10508	8,930000	8,840000	14,000000
10515	8,360000	10,110000	14,000000
10522	10,720000	10,940000	14,000000
10529	12,270000	11,560000	14,000000
10535	11,200000	11,150000	14,000000
10543	10,950000	10,520000	14,000000
10550	8,990000	10,260000	14,000000
10556	8,740000	6,740000	14,000000
10563	7,870000	7,460000	14,000000
10570	8,060000	8,390000	14,000000
10576	8,920000	9,530000	14,000000
10584	9,650000	9,820000	14,000000
10591	10,720000	10,970000	14,000000
10597	12,060000	11,740000	14,000000
10604	10,700000	9,370000	14,000000
10611	10,560000	10,220000	14,000000
10617	10,110000	10,410000	14,000000
10625	9,100000	9,000000	14,000000
10632	8,470000	9,690000	14,000000
10638	8,990000	9,460000	14,000000
10645	8,480000	9,650000	14,000000
10652	9,210000	9,930000	14,000000
10658	9,440000	10,470000	14,000000
10665	9,860000	9,960000	14,000000
10673	10,310000	10,990000	14,000000
10679	11,880000	12,040000	14,000000
10686	10,740000	10,370000	14,000000
10693	11,160000	9,490000	14,000000
10699	10,040000	9,300000	14,000000
10706	9,790000	8,810000	14,000000
10714	7,620000	7,500000	14,000000
10720	7,570000	8,450000	14,000000
10727	9,830000	8,730000	14,000000
10734	9,480000	8,810000	14,000000
10740	11,590000	11,130000	14,000000
10747	12,030000	11,990000	14,000000
10755	10,580000	10,560000	14,000000
10761	10,910000	11,140000	14,000000
10768	10,490000	9,810000	14,000000
10775	9,680000	8,160000	14,000000
10781	7,870000	8,240000	14,000000
10788	8,390000	8,370000	14,000000
10796	7,840000	7,970000	14,000000
10802	8,610000	8,480000	14,000000
10809	10,170000	11,010000	14,000000
10816	12,240000	11,890000	14,000000
10822	11,030000	12,330000	14,000000
10829	11,690000	12,410000	14,000000
10836	9,540000	11,020000	14,000000
10843	9,260000	8,080000	14,000000
10850	7,530000	8,030000	14,000000
10857	7,820000	8,500000	14,000000
10863	7,150000	7,270000	14,000000
10870	9,330000	9,620000	14,000000
10877	11,060000	12,170000	14,000000
10884	11,140000	11,260000	14,000000
10891	11,660000	12,040000	14,000000
10898	12,080000	11,440000	14,000000
10905	10,690000	10,340000	14,000000
10911	9,050000	7,730000	14,000000
10918	8,410000	9,400000	14,000000
10926	8,630000	8,320000	14,000000
10932	8,060000	8,620000	14,000000
10939	9,380000	9,000000	14,000000
10946	10,190000	10,830000	14,000000
10952	10,700000	10,570000	14,000000
10959	11,400000	11,970000	14,000000
10967	11,510000	11,440000	14,000000
10973	9,930000	8,950000	14,000000
10980	9,030000	9,970000	14,000000
10987	9,520000	10,000000	14,000000
10993	7,750000	8,390000	14,000000
11000	6,860000	9,320000	14,000000
11008	8,640000	9,640000	14,000000
11014	8,210000	8,410000	14,000000
11021	8,820000	9,990000	14,000000
11028	9,760000	11,620000	14,000000
11034	10,840000	10,630000	14,000000
11041	9,370000	10,080000	14,000000
11048	9,610000	10,250000	14,000000
11055	9,650000	9,870000	14,000000
11062	9,230000	8,510000	14,000000
11069	8,610000	9,180000	14,000000
11075	8,370000	8,910000	13,750000
11082	8,910000	9,320000	13,750000
11089	8,600000	9,200000	13,750000
11096	9,640000	9,560000	13,750000
11103	9,210000	10,660000	13,750000
11110	10,860000	11,180000	13,750000
11116	10,880000	11,090000	13,750000
11123	11,720000	10,400000	13,750000
11130	10,580000	9,880000	13,750000
11137	9,000000	8,900000	13,750000
11144	6,480000	7,940000	13,750000
11151	8,140000	7,520000	13,750000
11157	8,370000	8,530000	13,750000
11164	9,600000	8,950000	13,750000
11171	9,900000	10,170000	13,750000
11177	12,560000	11,860000	13,750000
11185	11,600000	11,720000	13,750000
11192	11,690000	11,200000	13,750000
11198	9,670000	10,300000	13,750000
11205	9,780000	8,740000	13,750000
11212	8,330000	6,770000	13,750000
11218	8,250000	8,310000	13,750000
11226	8,860000	9,240000	13,750000
11233	8,000000	8,680000	13,750000
11239	10,340000	11,370000	13,750000
11246	11,170000	12,210000	13,750000
11253	11,210000	11,300000	13,750000
11259	10,730000	10,960000	13,750000
11267	10,200000	11,070000	13,750000
11274	8,870000	7,840000	13,750000
11280	6,630000	7,190000	13,750000
11287	6,880000	7,700000	13,750000
11294	7,460000	8,470000	13,750000
11300	8,350000	9,440000	13,750000
11308	10,980000	11,430000	13,750000
11315	10,960000	11,130000	13,750000
11321	12,280000	12,090000	13,750000
11328	11,000000	10,770000	13,750000
11335	8,980000	9,250000	13,750000
11341	8,710000	9,020000	13,750000
11348	8,740000	8,250000	13,750000
11356	7,930000	9,150000	13,750000
11362	8,450000	7,860000	13,750000
11369	9,180000	10,340000	13,750000
11376	9,240000	9,320000	13,750000
11382	10,510000	11,380000	13,750000
11389	10,210000	10,920000	13,750000
11397	9,720000	11,530000	13,750000
11403	10,790000	9,780000	13,750000
11410	10,100000	10,760000	13,750000
11417	9,680000	8,970000	13,750000
11423	9,280000	9,100000	13,750000
11430	9,150000	9,000000	13,750000
11438	8,470000	8,420000	13,750000
11444	9,650000	8,680000	13,750000
11451	8,740000	9,540000	13,750000
11458	10,220000	9,970000	13,750000
11464	11,130000	10,770000	13,750000
11471	10,330000	9,820000	13,750000
11479	11,520000	11,130000	13,750000
11486	10,470000	10,750000	13,750000
11492	10,880000	9,310000	13,750000
11499	9,180000	9,360000	13,750000
11506	8,450000	8,610000	13,750000
11512	7,960000	9,010000	13,750000
11520	8,540000	9,640000	13,750000
11526	9,380000	9,770000	13,750000
11533	10,000000	10,950000	13,750000
11540	11,110000	10,680000	13,750000
11547	11,910000	11,660000	13,750000
11553	10,510000	10,440000	13,750000
11560	9,450000	9,650000	13,750000
11568	8,840000	8,480000	13,750000
11574	6,870000	7,480000	13,750000
11581	6,870000	8,000000	13,750000
11588	7,000000	8,920000	13,750000
11594	9,710000	10,310000	13,750000
11601	11,150000	10,680000	13,750000
11609	12,720000	12,660000	13,750000
11615	10,870000	11,460000	13,750000
11622	10,800000	11,570000	13,750000
11629	9,260000	9,470000	13,750000
11635	8,830000	7,670000	13,750000
11642	7,810000	7,570000	13,750000
11650	7,580000	7,850000	13,750000
11656	7,460000	9,140000	13,750000
11663	9,270000	9,830000	13,750000
11670	10,770000	11,940000	13,750000
11676	11,110000	11,000000	13,750000
11683	11,400000	10,750000	13,750000
11691	9,950000	10,840000	13,750000
11697	9,470000	9,800000	13,750000
11704	9,490000	9,030000	13,750000
11711	8,810000	8,120000	13,750000
11717	8,690000	8,930000	13,750000
11724	8,870000	8,810000	13,750000
11731	8,880000	9,820000	13,750000
11738	10,420000	10,440000	13,750000
11745	10,640000	10,960000	13,750000
11752	10,530000	11,010000	13,750000
11758	11,110000	11,300000	13,750000
11765	9,730000	9,140000	13,750000
11772	8,560000	9,420000	13,750000
11779	9,290000	8,900000	13,750000
11786	8,300000	10,000000	13,750000
11793	8,320000	8,380000	13,750000
11799	8,350000	10,000000	13,750000
11806	9,840000	9,850000	13,750000
11813	8,880000	9,280000	13,750000
11820	10,810000	10,960000	13,750000
11827	10,290000	10,980000	13,750000
11834	10,700000	10,310000	13,750000
11840	10,220000	10,250000	13,750000
11847	9,780000	10,290000	13,750000
11854	8,820000	8,920000	13,750000
11860	7,960000	8,500000	13,750000
11868	7,810000	9,120000	13,750000
11875	8,500000	8,350000	13,750000
11881	8,340000	10,020000	13,750000
11888	10,720000	11,090000	13,750000
11895	10,280000	11,770000	13,750000
11901	10,720000	11,440000	13,750000
11909	10,870000	12,700000	13,750000
11916	9,990000	11,030000	13,750000
11922	8,920000	8,250000	13,750000
11929	7,590000	8,640000	13,750000
11936	7,290000	7,160000	13,750000
11942	8,000000	7,500000	13,750000
11950	8,940000	9,720000	13,750000
11957	8,620000	10,340000	13,750000
11963	10,420000	11,200000	13,750000
11970	11,570000	11,700000	13,750000
11977	11,890000	11,150000	13,750000
11984	10,010000	10,450000	13,750000
11991	9,380000	8,800000	13,750000
11998	8,960000	9,070000	13,750000
12005	6,680000	6,790000	13,750000
12011	6,500000	8,720000	13,750000
12018	8,310000	10,140000	13,750000
12024	9,780000	10,920000	13,750000
12032	11,180000	11,490000	13,750000
12039	12,180000	12,570000	13,750000
12046	11,780000	10,770000	13,750000
12052	9,650000	9,230000	13,750000
12059	8,950000	9,300000	13,750000
12066	8,400000	8,510000	13,750000
12072	7,740000	7,220000	13,750000
12080	7,830000	9,040000	14,000000
12086	10,130000	9,520000	14,000000
12093	9,140000	10,520000	14,000000
12100	11,070000	9,900000	14,000000
12107	10,660000	12,260000	14,000000
12113	11,200000	9,430000	14,000000
12121	10,760000	11,670000	14,000000
12128	11,170000	10,140000	14,000000
12134	9,860000	9,870000	14,000000
12141	9,960000	8,180000	14,000000
12148	9,690000	9,900000	14,000000
12154	10,050000	8,470000	14,000000
12162	7,640000	8,910000	14,000000
12169	10,590000	10,280000	14,000000
12175	9,490000	9,970000	14,000000
12182	11,920000	9,890000	14,000000
12189	11,860000	11,430000	14,000000
12195	10,920000	9,530000	14,000000
12203	9,620000	10,540000	14,000000
12210	9,930000	9,830000	14,000000
12216	9,770000	8,210000	14,000000
12223	8,310000	7,620000	14,000000
12230	8,490000	8,740000	14,000000
12236	9,540000	9,720000	14,000000
12243	9,010000	9,050000	14,000000
12251	11,800000	11,360000	14,000000
12257	11,700000	11,900000	14,000000
12264	12,550000	11,290000	14,000000
12271	10,690000	11,600000	14,000000
12277	10,660000	9,950000	14,000000
12284	7,780000	8,440000	14,000000
12292	8,130000	7,350000	14,000000
12298	6,670000	7,720000	14,000000
12305	7,980000	7,840000	14,000000
12312	8,460000	9,200000	14,000000
12318	11,580000	11,940000	14,000000
12325	12,050000	11,690000	14,000000
12333	11,550000	11,420000	14,000000
12339	11,320000	10,890000	14,000000
12346	10,410000	9,860000	14,000000
12353	8,780000	7,400000	14,000000
12359	7,920000	7,830000	14,000000
12366	8,920000	8,810000	14,000000
12374	7,460000	8,480000	14,000000
12380	10,240000	9,570000	14,000000
12387	11,210000	11,390000	14,000000
12394	11,930000	11,780000	14,000000
12400	9,840000	10,720000	14,000000
12407	11,400000	11,590000	14,000000
12414	9,000000	8,250000	14,000000
12421	8,840000	7,920000	14,000000
12428	9,430000	8,660000	14,000000
12435	7,250000	6,610000	14,000000
12441	9,090000	8,270000	14,000000
12448	10,570000	10,100000	14,000000
12455	11,910000	9,950000	14,000000
12462	11,430000	11,190000	14,000000
12469	12,960000	13,210000	14,000000
12476	12,660000	9,840000	14,000000
12483	9,750000	9,140000	14,000000
12489	9,160000	9,560000	14,000000
12496	8,850000	8,700000	14,000000
12503	8,820000	8,510000	14,000000
12510	8,690000	9,220000	14,000000
12517	8,910000	8,450000	14,000000
12523	9,960000	10,340000	14,000000
12530	10,390000	9,370000	14,000000
12537	9,320000	10,210000	14,000000
12545	10,590000	10,600000	14,000000
12551	9,490000	10,510000	14,000000
12558	10,520000	10,720000	14,000000
12565	9,750000	9,430000	14,000000
12571	8,740000	8,600000	14,000000
12578	9,410000	8,690000	14,000000
12585	8,080000	9,460000	14,000000
12592	8,680000	8,330000	14,000000
12599	9,860000	10,650000	14,000000
12606	10,660000	10,580000	14,000000
12612	10,670000	11,040000	14,000000
12619	12,940000	10,790000	14,000000
12626	11,220000	10,330000	14,000000
12633	11,320000	9,960000	14,000000
12640	9,040000	8,880000	14,000000
12647	9,170000	8,150000	14,000000
12653	7,350000	7,240000	14,000000
12660	8,850000	8,560000	14,000000
12667	10,420000	10,610000	14,000000
12674	9,390000	9,940000	14,000000
12681	12,010000	12,070000	14,000000
12688	13,160000	11,900000	14,000000
12694	11,830000	11,130000	14,000000
12701	10,210000	11,240000	14,000000
12708	9,070000	9,660000	14,000000
12715	7,390000	7,470000	14,000000
12722	8,180000	6,510000	14,000000
12729	8,260000	7,850000	14,000000
12735	9,510000	8,190000	14,000000
12742	10,750000	10,440000	14,000000
12749	12,370000	12,870000	14,000000
12755	13,120000	11,910000	14,000000
12763	12,590000	11,400000	14,000000
12770	11,670000	10,920000	14,000000
12776	8,900000	8,160000	14,000000
12783	7,530000	8,170000	14,000000
12790	6,930000	8,200000	14,000000
12796	9,040000	9,110000	14,000000
12804	9,310000	8,870000	14,000000
12811	11,030000	11,780000	14,000000
12817	11,720000	11,050000	14,000000
12824	11,990000	11,330000	14,000000
12831	12,190000	9,220000	14,000000
12837	10,740000	10,700000	14,000000
12845	9,470000	8,920000	14,000000
12852	9,110000	8,710000	14,000000
12858	9,520000	8,280000	14,000000
12865	8,630000	9,100000	14,000000
12872	9,980000	9,190000	14,000000
12878	9,840000	9,990000	14,000000
12886	11,270000	10,700000	14,000000
12893	11,880000	10,300000	14,000000
12899	11,370000	10,820000	14,000000
12906	11,260000	10,660000	14,000000
12913	9,420000	9,470000	14,000000
12919	9,690000	9,740000	14,000000
12926	9,430000	8,580000	14,000000
12934	9,600000	8,020000	14,000000
12940	8,800000	8,990000	14,000000
12947	9,030000	9,330000	14,000000
12954	8,670000	9,520000	14,000000
12960	10,020000	9,760000	14,000000
12967	10,900000	10,740000	14,000000
12975	10,940000	10,970000	14,000000
12981	11,640000	11,780000	14,000000
12988	11,280000	10,910000	14,000000
12995	9,590000	8,830000	14,000000
13001	8,920000	9,170000	14,000000
13008	8,520000	7,450000	14,000000
13016	7,550000	7,160000	14,000000
13022	8,640000	8,990000	14,000000
13029	10,200000	10,520000	14,000000
13036	12,030000	11,450000	14,000000
13042	13,110000	11,560000	14,000000
13049	11,890000	12,280000	14,000000
13057	9,570000	9,620000	14,000000
13063	8,950000	9,780000	14,000000
13070	9,260000	8,040000	14,000000
13077	7,620000	8,020000	14,000000
13083	8,140000	7,970000	14,250000
13090	8,270000	10,200000	14,250000
13097	10,730000	9,970000	14,250000
13104	11,560000	11,220000	14,250000
13111	12,220000	12,900000	14,250000
13118	10,860000	11,500000	14,250000
13125	10,910000	10,600000	14,250000
13131	9,060000	8,280000	14,250000
13138	8,560000	7,490000	14,250000
13146	8,320000	7,810000	14,250000
13152	7,270000	7,280000	14,250000
13159	7,760000	8,640000	14,250000
13165	10,030000	10,000000	14,250000
13172	10,810000	11,340000	14,250000
13179	11,590000	11,920000	14,250000
13187	10,270000	11,970000	14,250000
13193	9,860000	10,140000	14,250000
13200	9,350000	8,710000	14,250000
13207	8,530000	7,870000	14,250000
13213	8,440000	8,700000	14,250000
13220	8,740000	9,490000	14,250000
13228	8,850000	9,930000	14,250000
13234	10,830000	9,240000	14,250000
13241	11,470000	11,550000	14,250000
13248	11,360000	9,580000	14,250000
13254	11,300000	10,360000	14,250000
13261	10,470000	11,060000	14,250000
13268	9,940000	9,810000	14,250000
13275	9,170000	9,370000	14,250000
13282	10,240000	9,460000	14,250000
13289	8,180000	9,400000	14,250000
13295	8,180000	8,340000	14,250000
13302	8,010000	10,140000	14,250000
13309	9,890000	8,790000	14,250000
13316	9,570000	10,470000	14,250000
13323	11,480000	10,520000	14,250000
13330	11,010000	11,300000	14,250000
13336	10,980000	9,640000	14,250000
13343	10,260000	10,370000	14,250000
13350	10,640000	10,390000	14,250000
13357	8,120000	8,360000	14,250000
13364	8,310000	8,970000	14,250000
13371	6,570000	8,360000	14,250000
13377	9,270000	8,180000	14,250000
13384	10,740000	11,260000	14,250000
13391	11,280000	11,170000	14,250000
13398	11,480000	10,810000	14,250000
13405	11,220000	11,300000	14,250000
13412	12,290000	10,850000	14,250000
13419	10,540000	9,940000	14,250000
13425	8,600000	8,320000	14,250000
13432	7,720000	7,860000	14,250000
13440	6,200000	6,580000	14,250000
13446	8,230000	7,560000	14,250000
13453	9,770000	9,440000	14,250000
13460	12,570000	11,460000	14,250000
13466	12,760000	12,530000	14,250000
13473	13,170000	12,840000	14,250000
13480	13,040000	10,780000	14,250000
13487	8,910000	9,100000	14,250000
13494	8,000000	7,830000	14,250000
13501	6,950000	8,220000	14,250000
13507	7,390000	6,680000	14,250000
13514	8,080000	9,480000	14,250000
13521	10,160000	9,850000	14,250000
13528	11,370000	11,200000	14,250000
13535	10,900000	10,130000	14,250000
13542	11,770000	13,370000	14,250000
13548	11,020000	9,280000	14,250000
13555	9,530000	10,070000	14,250000
13562	8,910000	8,900000	14,250000
13569	8,750000	8,380000	14,250000
13576	8,260000	7,790000	14,250000
13583	9,180000	9,970000	14,250000
13589	9,090000	9,750000	14,250000
13596	10,090000	10,320000	14,250000
13603	10,620000	11,510000	14,250000
13609	10,180000	10,040000	14,250000
13617	10,720000	10,090000	14,250000
13624	10,780000	10,210000	14,250000
13630	9,790000	8,980000	14,250000
13637	8,980000	8,380000	14,250000
13644	9,380000	8,900000	14,250000
13650	9,980000	9,050000	14,250000
13658	9,390000	8,920000	14,250000
13665	10,370000	9,600000	14,250000
13671	10,660000	10,820000	14,250000
13678	9,670000	9,450000	14,250000
13685	10,640000	11,640000	14,250000
13691	11,690000	11,660000	14,250000
13699	9,930000	10,590000	14,250000
13706	9,110000	9,910000	14,250000
13712	9,560000	9,890000	14,250000
13719	8,330000	7,630000	14,250000
13726	7,500000	7,600000	14,250000
13732	7,400000	8,110000	14,250000
13740	8,400000	9,200000	14,250000
13747	9,910000	9,970000	14,250000
13753	12,220000	12,530000	14,250000
13760	12,550000	11,640000	14,250000
13767	10,280000	11,110000	14,250000
13773	9,740000	9,380000	14,250000
13780	9,200000	8,940000	14,250000
13788	6,430000	6,610000	14,250000
13794	7,050000	8,760000	14,250000
13801	7,830000	8,950000	14,250000
13808	8,750000	9,980000	14,250000
13814	10,180000	11,180000	14,250000
13821	11,620000	12,750000	14,250000
13829	11,910000	11,720000	14,250000
13835	11,410000	10,640000	14,250000
13842	9,340000	10,290000	14,250000
13849	8,720000	7,290000	14,250000
13855	7,570000	7,380000	14,250000
13862	8,500000	8,530000	14,250000
13870	8,890000	7,590000	14,250000
13876	9,110000	9,160000	14,250000
13883	11,420000	11,850000	14,250000
13890	11,990000	11,010000	14,250000
13896	12,030000	11,080000	14,250000
13903	11,350000	12,350000	14,250000
13911	10,710000	9,410000	14,250000
13917	7,720000	7,530000	14,250000
13924	9,450000	8,130000	14,250000
13931	8,550000	9,070000	14,250000
13937	9,110000	8,840000	14,250000
13944	9,790000	9,650000	14,250000
13952	11,260000	10,550000	14,250000
13958	11,210000	10,980000	14,250000
13965	11,420000	10,280000	14,250000
13972	12,760000	10,560000	14,250000
13978	10,140000	9,900000	14,250000
13985	9,850000	9,590000	14,250000
13992	9,240000	9,450000	14,250000
13999	9,970000	8,100000	14,250000
14006	8,990000	8,750000	14,250000
14013	8,080000	9,300000	14,250000
14019	9,480000	10,180000	14,250000
14026	10,340000	8,840000	14,250000
14033	10,850000	11,510000	14,250000
14040	12,320000	11,080000	14,250000
14047	10,740000	11,000000	14,250000
14054	10,590000	10,000000	14,250000
14061	10,240000	10,330000	14,250000
14067	8,760000	9,030000	14,250000
14074	7,830000	8,540000	14,250000
14082	8,570000	8,870000	14,250000
14088	7,820000	8,570000	14,000000
14095	9,580000	10,350000	14,000000
14102	11,390000	11,610000	14,000000
14108	10,170000	9,990000	14,000000
14115	10,800000	11,690000	14,000000
14123	11,480000	12,120000	14,000000
14129	9,850000	10,120000	14,000000
14136	9,170000	8,660000	14,000000
14143	7,820000	8,610000	14,000000
14149	7,770000	7,370000	14,000000
14156	6,740000	7,620000	14,000000
14163	9,170000	9,300000	14,000000
14170	10,330000	10,000000	14,000000
14177	11,630000	11,160000	14,000000
14184	13,020000	12,880000	14,000000
14190	12,520000	11,210000	14,000000
14197	11,040000	10,590000	14,000000
14204	10,140000	9,080000	14,000000
14211	8,100000	8,240000	14,000000
14218	7,060000	7,720000	14,000000
14225	7,570000	8,540000	14,000000
14231	11,220000	9,760000	14,000000
14238	10,240000	10,920000	14,000000
14245	11,670000	12,090000	14,000000
14252	12,310000	10,680000	14,000000
14259	12,300000	10,400000	14,000000
14266	10,800000	9,970000	14,000000
14272	9,820000	9,700000	14,000000
14279	7,900000	7,690000	14,000000
14286	7,940000	8,540000	14,000000
14292	7,990000	8,920000	14,000000
14300	7,870000	8,900000	14,000000
14307	9,620000	9,790000	14,000000
14313	10,590000	11,720000	14,000000
14320	10,210000	10,780000	14,000000
14327	12,490000	10,400000	14,000000
14334	10,880000	10,090000	14,000000
14341	11,460000	10,460000	14,000000
14348	9,230000	8,130000	14,000000
14355	8,590000	9,020000	14,000000
14361	8,680000	8,530000	14,000000
14368	9,040000	8,760000	14,000000
14375	10,280000	10,080000	14,000000
14382	10,540000	10,230000	14,000000
14389	10,780000	10,510000	14,000000
14396	10,510000	10,960000	14,000000
14402	10,720000	10,540000	14,000000
14409	9,660000	10,020000	14,000000
14416	10,560000	9,390000	14,000000
14423	9,630000	10,450000	14,000000
14430	9,380000	8,310000	14,000000
14437	9,040000	9,250000	14,000000
14443	9,240000	9,260000	14,000000
14450	8,500000	9,640000	14,000000
14457	9,450000	9,540000	14,000000
14464	11,180000	11,160000	14,000000
14471	13,000000	11,150000	14,000000
14478	12,230000	11,810000	14,000000
14484	12,770000	11,880000	14,000000
14491	9,820000	10,190000	14,000000
14498	9,040000	8,950000	14,000000
14504	8,680000	8,310000	14,000000
14512	8,940000	8,040000	14,000000
14519	8,570000	8,460000	14,000000
14525	10,310000	9,760000	14,000000
14532	10,430000	10,980000	14,000000
14539	11,300000	10,920000	14,000000
14546	11,730000	12,510000	14,000000
14553	11,810000	10,960000	14,000000
14560	8,530000	9,890000	14,000000
14567	8,170000	8,090000	14,000000
14573	7,890000	7,780000	14,000000
14580	9,220000	8,160000	14,000000
14587	9,120000	8,550000	14,000000
14594	9,200000	10,410000	14,000000
14601	12,280000	11,230000	14,000000
14608	12,320000	11,730000	14,000000
14614	12,210000	11,990000	14,000000
14621	10,870000	11,390000	14,000000
14628	9,850000	10,350000	14,000000
14635	9,330000	9,060000	14,000000
14642	7,570000	6,570000	14,000000
14649	7,450000	7,780000	14,000000
14655	7,680000	8,460000	14,000000
14662	9,500000	10,330000	14,000000
14669	11,340000	9,390000	14,000000
14675	11,080000	12,090000	14,000000
14683	11,820000	11,160000	14,000000
14690	10,540000	10,330000	14,000000
14696	10,060000	10,250000	14,000000
14703	9,330000	9,860000	14,000000
14710	9,680000	7,930000	14,000000
14716	8,700000	8,280000	14,000000
14724	9,610000	9,730000	14,000000
14731	8,840000	9,920000	14,000000
14737	10,270000	10,120000	14,000000
14744	10,460000	11,210000	14,000000
14751	10,330000	9,320000	14,000000
14757	10,180000	11,400000	14,000000
14765	11,390000	10,830000	14,000000
14772	10,430000	11,100000	14,000000
14778	10,280000	8,370000	14,000000
14785	8,660000	10,250000	14,000000
14792	9,330000	8,240000	14,000000
14798	8,220000	8,850000	14,000000
14806	8,410000	9,800000	14,000000
14813	8,990000	8,690000	14,000000
14819	10,040000	9,610000	14,000000
14826	11,540000	10,960000	14,000000
14833	10,710000	11,220000	14,000000
14840	11,040000	11,630000	14,000000
14846	10,420000	10,180000	14,000000
14854	9,110000	9,090000	14,000000
14861	8,330000	8,510000	14,000000
14867	7,830000	8,260000	14,000000
14874	8,220000	9,240000	14,000000
14881	8,180000	7,980000	14,000000
14887	9,550000	9,980000	14,000000
14895	10,970000	11,820000	14,000000
14902	11,610000	12,740000	14,000000
14908	11,500000	11,220000	14,000000
14915	11,730000	11,650000	14,000000
14922	9,550000	9,040000	14,000000
14928	7,730000	7,480000	14,000000
14936	6,940000	7,180000	14,000000
14943	6,830000	8,270000	14,000000
14949	6,670000	7,810000	14,000000
14956	10,200000	10,220000	14,000000
14963	11,740000	12,100000	14,000000
14969	11,760000	12,870000	14,000000
14977	11,550000	10,560000	14,000000
14984	11,330000	11,250000	14,000000
14990	9,100000	7,690000	14,000000
14997	9,330000	8,180000	14,000000
15004	7,690000	8,500000	14,000000
15010	8,010000	8,500000	14,000000
15017	8,270000	7,920000	14,000000
15025	10,100000	9,790000	14,000000
15031	9,790000	10,850000	14,000000
15038	10,890000	10,700000	14,000000
15045	10,560000	11,720000	14,000000
15051	10,020000	10,130000	14,000000
15058	9,650000	9,240000	14,000000
15066	8,800000	9,970000	14,000000
15072	9,120000	9,320000	14,000000
15079	7,350000	8,130000	14,000000
15086	8,170000	9,820000	14,000000
15092	10,390000	8,660000	14,000000
15099	9,790000	9,740000	14,000000
15107	10,730000	10,680000	14,000000
15113	11,030000	11,680000	14,000000
15120	10,800000	10,000000	14,000000
15127	9,760000	10,520000	14,000000
15133	9,720000	10,510000	14,000000
15140	10,180000	9,510000	14,000000
15148	9,060000	8,420000	14,000000
15154	9,090000	9,430000	14,000000
15161	9,960000	8,360000	14,000000
15168	9,400000	8,700000	14,000000
15174	8,950000	8,750000	14,000000
15181	10,170000	11,320000	14,000000
15188	10,740000	10,120000	14,000000
15195	11,480000	11,890000	14,000000
15202	11,720000	11,410000	14,000000
15209	10,810000	10,110000	14,000000
15216	9,670000	8,690000	14,000000
15222	8,870000	9,770000	14,000000
15229	8,920000	7,600000	14,000000
15236	8,540000	8,600000	14,000000
15243	9,360000	9,870000	14,000000
15250	9,830000	10,780000	14,000000
15256	10,980000	10,910000	14,000000
15263	12,290000	12,210000	14,000000
15270	12,930000	11,970000	14,000000
15278	8,590000	9,690000	14,000000
15284	9,900000	9,810000	14,000000
15291	8,640000	8,900000	14,000000
15298	8,510000	6,700000	14,000000
15304	9,290000	8,550000	14,000000
15311	8,960000	9,440000	14,000000
15318	9,440000	9,840000	14,000000
15325	10,560000	11,530000	14,000000
15332	12,400000	11,970000	14,000000
15339	12,080000	10,390000	14,000000
15345	10,580000	10,990000	14,000000
15352	9,340000	10,240000	14,000000
15360	8,030000	7,880000	14,000000
15366	6,870000	6,990000	14,000000
15373	8,440000	9,760000	14,000000
15380	8,510000	8,600000	14,000000
15386	9,330000	9,820000	14,000000
15393	10,660000	11,150000	14,000000
15400	11,320000	11,830000	14,000000
15407	11,130000	10,940000	14,000000
15414	9,290000	10,590000	14,000000
15421	8,800000	9,070000	14,000000
15427	8,160000	8,450000	14,000000
15434	8,770000	8,310000	14,000000
15441	8,360000	9,570000	14,000000
15448	9,520000	7,820000	14,000000
15455	8,660000	9,660000	14,000000
15462	10,070000	9,320000	14,000000
15468	10,220000	11,220000	14,000000
15475	10,700000	9,360000	14,000000
15482	11,130000	12,120000	14,000000
15489	11,230000	9,520000	14,000000
15496	9,750000	9,900000	14,000000
15503	10,250000	8,620000	14,000000
15509	8,500000	9,960000	14,000000
15516	8,430000	7,660000	14,000000
15523	8,260000	9,290000	14,000000
15529	9,140000	9,560000	14,000000
15537	8,550000	9,110000	14,000000
15544	10,260000	11,300000	14,000000
15550	12,210000	12,250000	14,000000
15557	11,410000	10,180000	14,000000
15564	10,840000	11,360000	14,000000
15570	9,980000	10,040000	14,000000
15578	8,270000	8,570000	14,000000
15585	9,540000	7,750000	14,000000
15591	8,180000	9,490000	14,000000
15598	8,720000	8,010000	14,000000
15605	8,550000	8,750000	14,000000
15611	11,190000	10,470000	14,000000
15619	11,400000	11,540000	14,000000
15626	11,520000	11,450000	14,000000
15632	11,900000	12,240000	14,000000
15639	10,930000	10,260000	14,000000
15646	9,080000	8,980000	14,000000
15652	8,430000	8,240000	14,000000
15660	7,130000	8,400000	14,000000
15667	7,930000	8,500000	14,000000
15673	8,500000	8,760000	14,000000
15680	11,330000	11,270000	14,000000
15687	11,510000	10,560000	14,000000
15693	12,620000	11,630000	14,000000
15700	10,690000	11,830000	14,000000
15708	11,730000	11,110000	14,000000
15715	9,800000	9,320000	14,000000
15721	9,060000	9,250000	14,000000
15728	7,880000	8,060000	14,000000
15735	7,020000	7,590000	14,000000
15741	9,050000	9,110000	14,000000
15749	10,080000	9,920000	14,000000
15756	11,310000	10,710000	14,000000
15762	11,600000	10,980000	14,000000
15769	11,650000	11,140000	14,000000
15776	10,080000	10,480000	14,000000
15782	9,670000	9,570000	14,000000
15790	9,390000	9,600000	14,000000
15797	7,960000	7,690000	14,000000
15803	8,220000	8,280000	14,000000
15810	8,060000	9,440000	14,000000
15817	10,190000	8,760000	14,000000
15823	10,970000	9,870000	14,000000
15831	11,570000	11,620000	14,000000
15838	12,250000	11,150000	14,000000
15844	10,460000	9,870000	14,000000
15851	10,430000	9,570000	14,000000
15858	9,910000	9,950000	14,000000
15864	8,830000	8,480000	14,000000
15872	8,990000	10,340000	14,000000
15879	9,420000	7,950000	14,000000
15885	10,000000	9,220000	14,000000
15892	10,190000	9,930000	14,000000
15899	9,610000	10,560000	14,000000
15905	9,120000	10,210000	14,000000
15912	9,910000	10,810000	14,000000
15920	10,300000	10,500000	14,000000
15926	10,350000	9,930000	14,000000
15933	9,110000	10,080000	14,000000
15940	8,570000	10,190000	14,000000
15946	6,970000	7,960000	14,000000
15953	7,390000	7,660000	14,000000
15961	6,780000	7,760000	14,000000
15967	8,640000	9,900000	14,000000
15974	10,000000	10,750000	14,000000
15981	11,040000	12,900000	14,000000
15987	10,450000	11,390000	14,000000
15994	11,350000	11,480000	14,000000
16002	10,510000	10,310000	14,000000
16009	8,840000	8,500000	14,000000
16015	8,470000	8,220000	14,000000
16022	7,000000	7,590000	14,000000
16028	9,850000	8,570000	14,000000
16035	10,300000	9,020000	14,000000
16043	10,260000	10,530000	14,000000
16050	11,630000	11,470000	14,000000
16056	12,230000	10,410000	14,000000
16063	11,990000	10,540000	14,000000
16070	9,920000	10,350000	14,000000
16076	9,500000	8,690000	14,000000
16083	7,830000	8,030000	14,000000
16091	7,410000	6,830000	14,000000
16097	6,740000	8,150000	14,000000
16104	9,270000	9,940000	14,000000
16111	10,700000	11,380000	14,000000
16117	11,770000	11,630000	14,000000
16124	12,070000	12,590000	14,000000
16132	11,500000	11,710000	14,000000
16138	9,880000	9,560000	14,000000
16145	10,020000	9,060000	14,000000
16152	8,270000	8,840000	14,000000
16158	8,420000	8,160000	14,000000
16165	8,210000	9,260000	14,000000
16173	9,610000	9,630000	14,000000
16179	9,480000	11,180000	14,000000
16186	9,880000	10,110000	14,000000
16193	10,490000	11,610000	14,000000
16199	10,940000	9,790000	14,000000
16206	9,550000	9,980000	14,000000
16214	10,600000	9,620000	14,000000
16220	9,580000	9,390000	14,000000
16227	8,970000	7,280000	14,000000
16234	9,560000	9,370000	14,000000
16240	10,730000	9,490000	14,000000
16247	9,080000	8,820000	14,000000
16254	10,770000	10,160000	14,000000
16261	9,960000	11,060000	14,000000
16268	10,420000	9,810000	14,000000
16275	11,600000	11,610000	14,000000
16281	10,920000	10,300000	14,000000
16288	10,360000	10,670000	14,000000
16295	9,580000	9,480000	14,000000
16302	8,690000	9,280000	14,000000
16309	8,880000	7,550000	14,000000
16316	7,970000	8,420000	14,000000
16322	10,210000	8,880000	14,000000
16329	9,550000	9,880000	14,000000
16336	10,560000	9,550000	14,000000
16343	11,360000	11,520000	14,000000
16350	12,210000	11,800000	14,000000
16357	10,310000	11,120000	14,000000
16364	10,670000	9,840000	14,000000
16370	9,230000	9,200000	14,000000
16377	7,700000	7,250000	14,000000
16384	6,450000	7,920000	14,000000
16391	8,510000	9,360000	14,000000
16398	9,240000	9,240000	14,000000
16404	11,230000	10,870000	14,000000
16411	12,150000	12,010000	14,000000
16418	13,060000	11,450000	14,000000
16425	10,630000	10,790000	14,000000
16432	10,600000	10,650000	14,000000
16439	9,490000	8,780000	14,000000
16446	7,930000	7,110000	14,000000
16452	7,110000	8,890000	14,000000
16459	7,750000	8,130000	14,000000
16466	8,330000	8,830000	14,000000
16473	10,270000	11,600000	14,000000
16480	10,780000	12,680000	14,000000
16487	11,320000	10,780000	14,000000
16493	11,460000	10,770000	14,000000
16500	9,530000	10,410000	14,000000
16507	8,630000	8,050000	14,000000
16514	8,300000	8,890000	14,000000
16521	8,510000	8,910000	14,000000
16528	8,270000	7,590000	14,000000
16534	8,380000	9,130000	14,000000
16541	10,900000	9,920000	14,000000
16548	10,110000	10,510000	14,000000
16555	10,490000	10,690000	14,000000
16562	11,570000	12,410000	14,000000
16569	10,210000	10,520000	14,000000
16575	9,350000	8,790000	14,000000
16582	9,420000	9,300000	14,000000
16589	8,380000	8,670000	14,000000
16595	8,860000	9,260000	14,000000
16603	8,850000	9,950000	14,000000
16610	9,580000	10,340000	14,000000
16616	9,940000	9,660000	14,000000
16623	10,240000	9,970000	14,000000
16630	10,410000	11,840000	14,000000
16636	10,670000	10,170000	14,000000
16644	10,230000	10,810000	14,000000
16651	10,720000	11,080000	14,000000
16657	10,550000	9,760000	14,000000
16664	8,080000	9,200000	14,000000
16671	7,730000	9,620000	14,000000
16677	8,480000	9,120000	14,000000
16685	9,060000	7,400000	14,000000
16692	9,850000	10,850000	14,000000
16698	10,880000	10,850000	14,000000
16705	9,990000	11,710000	14,000000
16712	11,290000	11,520000	14,000000
16719	10,490000	11,170000	14,000000
16726	9,760000	9,130000	14,000000
16733	7,550000	7,910000	14,000000
16740	7,730000	9,420000	14,000000
16746	7,660000	7,350000	14,000000
16753	8,260000	8,360000	14,000000
16759	10,600000	10,340000	14,000000
16766	11,140000	10,530000	14,000000
16774	11,130000	10,630000	14,000000
16781	12,330000	11,900000	14,000000
16787	11,470000	10,910000	14,000000
16794	10,790000	9,590000	14,000000
16801	8,310000	9,880000	14,000000
16807	8,110000	9,250000	14,000000
16815	7,070000	6,700000	14,000000
16822	7,590000	8,680000	14,000000
16828	8,680000	10,310000	14,000000
16835	10,280000	10,680000	14,000000
16842	10,870000	11,680000	14,000000
16848	12,280000	11,610000	14,000000
16856	11,880000	10,340000	14,000000
16863	9,470000	9,750000	14,000000
16869	9,420000	9,540000	14,000000
16876	8,160000	8,550000	14,000000
16883	7,810000	6,980000	14,000000
16889	8,400000	9,020000	14,000000
16897	9,490000	8,490000	14,000000
16904	9,710000	9,340000	14,000000
16910	10,460000	10,780000	14,000000
16917	10,820000	11,380000	14,000000
16924	11,580000	9,590000	14,000000
16930	10,350000	11,200000	14,000000
16937	10,510000	9,780000	14,000000
16945	9,510000	8,270000	14,000000
16951	9,470000	8,940000	14,000000
16958	8,150000	10,160000	14,000000
16965	9,680000	9,220000	14,000000
16971	9,160000	8,910000	14,000000
16978	9,210000	10,600000	14,000000
16986	10,730000	10,600000	14,000000
16992	10,390000	10,040000	14,000000
16999	12,000000	12,890000	14,000000
17006	11,390000	10,170000	14,000000
17012	9,150000	9,850000	14,000000
17019	10,060000	9,800000	14,000000
17027	8,950000	9,170000	14,000000
17033	7,710000	7,680000	14,000000
17040	8,230000	9,940000	14,000000
17047	8,690000	10,080000	14,000000
17053	9,820000	10,320000	14,000000
17060	10,010000	9,890000	14,000000
17068	11,400000	10,850000	14,000000
17075	10,600000	10,750000	14,000000
17081	11,750000	11,150000	14,000000
17088	9,690000	10,640000	14,000000
17095	9,430000	8,950000	14,000000
17101	7,710000	8,620000	13,750000
17108	8,250000	9,020000	13,750000
17116	7,970000	7,920000	13,750000
17122	8,410000	9,300000	13,750000
17129	10,620000	9,420000	13,750000
17136	12,020000	11,610000	13,750000
17142	11,460000	11,340000	13,750000
17149	11,930000	11,970000	13,750000
17157	10,500000	10,020000	13,750000
17163	9,280000	9,050000	13,750000
17170	8,160000	6,980000	13,750000
17177	8,910000	9,160000	13,750000
17183	7,730000	7,530000	13,750000
17190	9,330000	9,920000	13,750000
17198	10,370000	10,810000	13,750000
17204	11,720000	11,900000	13,750000
17211	12,640000	11,910000	13,750000
17218	10,900000	11,390000	13,750000
17224	12,040000	9,700000	13,750000
17231	8,540000	9,130000	13,750000
17239	8,970000	7,690000	13,750000
17245	8,720000	9,280000	13,750000
17252	7,320000	7,940000	13,750000
17259	9,280000	10,200000	13,750000
17265	9,930000	10,360000	13,750000
17272	11,320000	10,720000	13,750000
17280	11,390000	10,950000	13,750000
17286	11,530000	11,620000	13,750000
17293	9,560000	10,000000	13,750000
17300	8,900000	9,410000	13,750000
17306	8,770000	8,450000	13,750000
17313	7,740000	8,540000	13,750000
17320	6,640000	9,240000	13,750000
17327	8,990000	10,240000	13,750000
17334	9,570000	9,110000	13,750000
17341	11,370000	11,280000	13,750000
17347	11,820000	11,090000	13,750000
17354	10,660000	10,860000	13,750000
17361	10,100000	10,690000	13,750000
17369	10,490000	10,460000	13,750000
17375	9,040000	9,370000	13,750000
17382	8,760000	8,760000	13,750000
17389	7,920000	8,950000	13,750000
17395	8,640000	8,330000	13,750000
17402	7,740000	8,300000	13,750000
17409	9,500000	8,040000	13,750000
17416	9,350000	9,980000	13,750000
17423	10,650000	10,250000	13,750000
17430	11,380000	11,040000	13,750000
17436	12,780000	11,310000	13,750000
17443	10,800000	10,200000	13,750000
17451	10,880000	9,420000	13,750000
17457	8,410000	9,170000	13,750000
17464	7,920000	8,550000	13,750000
17471	8,110000	8,850000	13,750000
17477	8,310000	8,570000	13,750000
17484	10,900000	10,740000	13,750000
17491	10,630000	10,160000	13,750000
17498	10,500000	11,830000	13,750000
17505	10,090000	11,840000	13,750000
17512	10,510000	10,580000	13,750000
17518	10,510000	10,000000	13,750000
17525	7,710000	9,190000	13,750000
17532	6,840000	7,580000	13,750000
17539	6,720000	7,760000	13,750000
17546	7,970000	7,920000	13,750000
17553	8,800000	9,820000	13,750000
17559	9,630000	10,730000	13,750000
17566	12,070000	12,670000	13,750000
17573	10,910000	10,770000	13,750000
17580	11,860000	12,270000	13,750000
17587	9,920000	9,650000	13,750000
17594	8,410000	8,050000	13,750000
17600	7,460000	7,840000	13,750000
17607	7,580000	7,920000	13,750000
17614	7,180000	7,720000	13,750000
17620	9,000000	9,250000	13,750000
17628	10,190000	11,730000	13,750000
17635	11,030000	10,710000	13,750000
17641	10,340000	10,700000	13,750000
17648	11,400000	10,610000	13,750000
17655	9,820000	9,130000	13,750000
17661	9,230000	9,880000	13,750000
17669	7,960000	8,730000	13,750000
17676	8,440000	8,480000	13,750000
17682	8,440000	8,060000	13,750000
17689	9,060000	10,170000	13,750000
17696	9,900000	10,070000	13,750000
17702	10,610000	9,650000	13,750000
17710	11,330000	11,520000	13,750000
17717	11,760000	9,920000	13,750000
17723	12,000000	10,620000	13,750000
17730	10,930000	10,520000	13,750000
17737	9,790000	9,420000	13,750000
17744	8,280000	9,010000	13,750000
17751	8,950000	9,060000	13,750000
17758	9,480000	9,390000	13,750000
17764	9,030000	9,820000	13,750000
17771	9,490000	10,430000	13,750000
17778	10,050000	11,520000	13,750000
17785	10,600000	9,070000	13,750000
17792	10,380000	10,810000	13,750000
17799	11,120000	10,080000	13,750000
17806	8,960000	10,410000	13,750000
17812	9,470000	8,660000	13,750000
17819	9,580000	9,990000	13,750000
17826	9,510000	8,290000	13,750000
17832	7,630000	7,660000	13,750000
17840	8,810000	9,260000	13,750000
17847	9,430000	10,700000	13,750000
17853	11,250000	9,950000	13,750000
17860	11,820000	13,070000	13,750000
17867	12,810000	11,540000	13,750000
17873	10,470000	11,260000	13,750000
17881	9,420000	9,460000	13,750000
17888	8,440000	9,520000	13,750000
17894	7,230000	6,220000	13,750000
17901	6,670000	7,980000	13,750000
17908	8,280000	9,760000	13,750000
17914	9,390000	10,610000	13,750000
17922	11,290000	10,730000	13,750000
17929	12,280000	12,030000	13,750000
17935	12,570000	11,530000	13,750000
17942	9,350000	10,580000	13,750000
17949	10,390000	10,060000	13,750000
17955	8,220000	8,320000	13,750000
17963	6,310000	7,850000	13,750000
17970	8,020000	8,780000	13,750000
17976	7,930000	8,220000	13,750000
17983	9,170000	8,520000	13,750000
17990	11,360000	10,790000	13,750000
17996	12,660000	11,610000	13,750000
18003	12,300000	10,920000	13,750000
18011	11,570000	12,090000	13,750000
18017	12,390000	10,800000	13,750000
18024	9,490000	7,930000	13,750000
18031	8,460000	7,530000	13,750000
18037	8,640000	9,730000	13,750000
18044	6,970000	8,860000	13,750000
18052	8,620000	9,560000	13,750000
18058	9,900000	11,130000	13,750000
18065	10,870000	11,010000	13,750000
18072	11,180000	10,280000	13,750000
18078	9,660000	10,800000	13,750000
18085	10,670000	10,710000	13,750000
18093	8,440000	9,090000	13,750000
18099	8,770000	9,780000	13,750000
18106	9,230000	9,070000	14,000000
18113	8,710000	8,590000	14,000000
18119	8,870000	8,980000	14,000000
18126	9,830000	9,620000	14,000000
18134	9,210000	9,130000	14,000000
18140	10,420000	10,950000	14,000000
18147	10,790000	11,730000	14,000000
18154	11,830000	10,570000	14,000000
18160	10,270000	10,470000	14,000000
18167	9,790000	9,740000	14,000000
18174	9,420000	9,930000	14,000000
18181	9,760000	8,350000	14,000000
18188	8,570000	9,260000	14,000000
18195	8,870000	9,300000	14,000000
18201	9,650000	8,680000	14,000000
18208	10,010000	11,960000	14,000000
18215	12,490000	11,660000	14,000000
18222	10,790000	10,450000	14,000000
18229	12,360000	11,940000	14,000000
18236	11,330000	10,060000	14,000000
18243	9,100000	8,450000	14,000000
18249	9,020000	7,970000	14,000000
18256	8,110000	8,790000	14,000000
18263	7,650000	7,500000	14,000000
18270	8,030000	8,180000	14,000000
18277	10,140000	10,360000	14,000000
18283	11,100000	11,050000	14,000000
18290	12,100000	11,010000	14,000000
18297	12,440000	11,680000	14,000000
18305	12,240000	11,020000	14,000000
18311	9,830000	8,540000	14,000000
18318	9,160000	8,710000	14,000000
18325	8,200000	8,300000	14,000000
18331	8,490000	7,490000	14,000000
18338	9,240000	10,010000	14,000000
18345	10,440000	10,200000	14,000000
18352	11,030000	10,450000	14,000000
18359	11,630000	12,110000	14,000000
18366	10,790000	11,950000	14,000000
18372	10,830000	10,340000	14,000000
18379	9,640000	9,480000	14,000000
18386	9,660000	9,970000	14,000000
18393	7,530000	8,040000	14,000000
18400	8,220000	8,690000	14,000000
18407	7,980000	9,220000	14,000000
18413	10,200000	9,870000	14,000000
18420	8,690000	9,850000	14,000000
18427	10,950000	11,710000	14,000000
18434	11,870000	11,320000	14,000000
